States/UTs,Area,Number of Households surveyed,Number of Women age 15-49 years interviewed,Number of Men age 15-54 years interviewed,Female population age 6 years and above who ever attended school (%),Population below age 15 years (%)," Sex ratio of the total population (females per 1,000 males)","Sex ratio at birth for children born in the last five years (females per 1,000 males)",Children under age 5 years whose birth was registered with the civil authority (%),Deaths in the last 3 years registered with the civil authority (%),Population living in households with electricity (%),Population living in households with an improved drinking-water source1 (%),Population living in households that use an improved sanitation facility2 (%),Households using clean fuel for cooking3 (%),Households using iodized salt (%),Households with any usual member covered under a health insurance/financing scheme (%),Children age 5 years who attended pre-primary school during the school year 2019-20 (%),Women (age 15-49) who are literate4 (%),Men (age 15-49) who are literate4 (%),Women (age 15-49)  with 10 or more years of schooling (%),Men (age 15-49)  with 10 or more years of schooling (%),Women (age 15-49)  who have ever used the internet (%),Men (age 15-49)  who have ever used the internet (%),Women age 20-24 years married before age 18 years (%),Men age 25-29 years married before age 21 years (%),Total Fertility Rate (number of children per woman),Women age 15-19 years who were already mothers or pregnant at the time of the survey (%),Adolescent fertility rate for women age 15-19 years5,Neonatal mortality rate (per 1000 live births),Infant mortality rate (per 1000 live births),Under-five mortality rate (per 1000 live births),Current Use of Family Planning Methods (Currently Married Women Age 15-49  years) - Any method6 (%),Current Use of Family Planning Methods (Currently Married Women Age 15-49  years) - Any modern method6 (%),Current Use of Family Planning Methods (Currently Married Women Age 15-49  years) - Female sterilization (%),Current Use of Family Planning Methods (Currently Married Women Age 15-49  years) - Male sterilization (%),Current Use of Family Planning Methods (Currently Married Women Age 15-49  years) - IUD/PPIUD (%),Current Use of Family Planning Methods (Currently Married Women Age 15-49  years) - Pill (%),Current Use of Family Planning Methods (Currently Married Women Age 15-49  years) - Condom (%),Current Use of Family Planning Methods (Currently Married Women Age 15-49  years) - Injectables (%),Total Unmet need for Family Planning (Currently Married Women Age 15-49  years)7 (%),Unmet need for spacing (Currently Married Women Age 15-49  years)7 (%),Health worker ever talked to female non-users about family planning (%),Current users ever told about side effects of current method of family planning8 (%),Mothers who had an antenatal check-up in the first trimester  (for last birth in the 5 years before the survey) (%),Mothers who had at least 4 antenatal care visits  (for last birth in the 5 years before the survey) (%),Mothers whose last birth was protected against neonatal tetanus (for last birth in the 5 years before the survey)9 (%),Mothers who consumed iron folic acid for 100 days or more when they were pregnant (for last birth in the 5 years before the survey) (%),Mothers who consumed iron folic acid for 180 days or more when they were pregnant (for last birth in the 5 years before the survey} (%),Registered pregnancies for which the mother received a Mother and Child Protection (MCP) card (for last birth in the 5 years before the survey) (%),Mothers who received postnatal care from a doctor/nurse/LHV/ANM/midwife/other health personnel within 2 days of delivery (for last birth in the 5 years before the survey) (%),Average out-of-pocket expenditure per delivery in a public health facility (for last birth in the 5 years before the survey) (Rs.),Children born at home who were taken to a health facility for a check-up within 24 hours of birth (for last birth in the 5 years before the survey} (%),Children who received postnatal care from a doctor/nurse/LHV/ANM/midwife/ other health personnel within 2 days of delivery (for last birth in the 5 years before the survey) (%),Institutional births (in the 5 years before the survey) (%),Institutional births in public facility (in the 5 years before the survey) (%),Home births that were conducted by skilled health personnel  (in the 5 years before the survey)10 (%),Births attended by skilled health personnel (in the 5 years before the survey)10 (%),Births delivered by caesarean section (in the 5 years before the survey) (%),Births in a private health facility that were delivered by caesarean section (in the 5 years before the survey) (%),Births in a public health facility that were delivered by caesarean section (in the 5 years before the survey) (%),Children age 12-23 months fully vaccinated based on information from either vaccination card or mother's recall11 (%),Children age 12-23 months fully vaccinated based on information from vaccination card only12 (%),Children age 12-23 months who have received BCG (%),Children age 12-23 months who have received 3 doses of polio vaccine13 (%),Children age 12-23 months who have received 3 doses of penta or DPT vaccine (%),Children age 12-23 months who have received the first dose of measles-containing vaccine (MCV) (%),Children age 24-35 months who have received a second dose of measles-containing vaccine (MCV) (%),Children age 12-23 months who have received 3 doses of rotavirus vaccine14 (%),Children age 12-23 months who have received 3 doses of penta or hepatitis B vaccine (%),Children age 9-35 months who received a vitamin A dose in the last 6 months (%),Children age 12-23 months who received most of their vaccinations in a public health facility (%),Children age 12-23 months who received most of their vaccinations in a private health facility (%),Prevalence of diarrhoea in the 2 weeks preceding the survey (Children under age 5 years) (%) ,Children with diarrhoea in the 2 weeks preceding the survey who received oral rehydration salts (ORS) (Children under age 5 years) (%) ,Children with diarrhoea in the 2 weeks preceding the survey who received zinc (Children under age 5 years) (%) ,Children swith diarrhoea in the 2 weeks preceding the survey taken to a health facility or health provider (Children under age 5 years) (%) ,Children Prevalence of symptoms of acute respiratory infection (ARI) in the 2 weeks preceding the survey (Children under age 5 years) (%) ,Children with fever or symptoms of ARI in the 2 weeks preceding the survey taken to a health facility or health provider (Children under age 5 years) (%)  ,Children under age 3 years breastfed within one hour of birth15 (%),Children under age 6 months exclusively breastfed16 (%),Children age 6-8 months receiving solid or semi-solid food and breastmilk16 (%),"Breastfeeding children age 6-23 months receiving an adequate diet16, 17  (%)","Non-breastfeeding children age 6-23 months receiving an adequate diet16, 17 (%)","Total children age 6-23 months receiving an adequate diet16, 17  (%)",Children under 5 years who are stunted (height-for-age)18 (%),Children under 5 years who are wasted (weight-for-height)18 (%),Children under 5 years who are severely wasted (weight-for-height)19 (%),Children under 5 years who are underweight (weight-for-age)18 (%),Children under 5 years who are overweight (weight-for-height)20 (%),Women (age 15-49 years) whose Body Mass Index (BMI) is below normal (BMI <18.5 kg/m2)21 (%),Men (age 15-49 years) whose Body Mass Index (BMI) is below normal (BMI <18.5 kg/m2) (%),Women (age 15-49 years) who are overweight or obese (BMI ≥25.0 kg/m2)21 (%),Men (age 15-49 years) who are overweight or obese (BMI ≥25.0 kg/m2) (%),Women (age 15-49 years) who have high risk waist-to-hip ratio (≥0.85) (%),Men (age 15-49 years) who have high risk waist-to-hip ratio (≥0.90) (%),Children age 6-59 months who are anaemic (<11.0 g/dl)22 (%),Non-pregnant women age 15-49 years who are anaemic (<12.0 g/dl)22 (%),Pregnant women age 15-49 years who are anaemic (<11.0 g/dl)22 (%),All women age 15-49 years who are anaemic22 (%),All women age 15-19 years who are anaemic22 (%) ,Men age 15-49 years who are anaemic (<13.0 g/dl)22 (%),Men age 15-19 years who are anaemic (<13.0 g/dl)22 (%),Women  age 15 years and above with high (141-160 mg/dl) Blood sugar level23 (%),Women age 15 years and above wih very high (>160 mg/dl) Blood sugar level23 (%),Women age 15 years and above wih high or very high (>140 mg/dl) Blood sugar level or taking medicine to control blood sugar level23 (%),Men age 15 years and above wih high (141-160 mg/dl) Blood sugar level23 (%),Men (age 15 years and above wih  very high (>160 mg/dl) Blood sugar level23 (%),Men age 15 years and above wih high or very high (>140 mg/dl) Blood sugar level  or taking medicine to control blood sugar level23 (%),Women age 15 years and above wih Mildly elevated blood pressure (Systolic 140-159 mm of Hg and/or Diastolic 90-99 mm of Hg) (%),Women age 15 years and above wih Moderately or severely elevated blood pressure (Systolic ≥160 mm of Hg and/or Diastolic ≥100 mm of Hg) (%),Women age 15 years and above wih Elevated blood pressure (Systolic ≥140 mm of Hg and/or Diastolic ≥90 mm of Hg) or taking medicine to control blood pressure (%),Men age 15 years and above wih Mildly elevated blood pressure (Systolic 140-159 mm of Hg and/or Diastolic 90-99 mm of Hg) (%),Men age 15 years and above wih Moderately or severely elevated blood pressure (Systolic ≥160 mm of Hg and/or Diastolic ≥100 mm of Hg) (%),Men age 15 years and above wih Elevated blood pressure (Systolic ≥140 mm of Hg and/or Diastolic ≥90 mm of Hg) or taking medicine to control blood pressure (%),Women (age 30-49 years) Ever undergone a screening test for cervical cancer (%),Women (age 30-49 years) Ever undergone a breast examination for breast cancer (%),Women (age 30-49 years) Ever undergone an oral cavity examination for oral cancer (%),Men (age 30-49 years)Ever undergone an oral cavity examination for oral cancer (%),Women (age 15-49 years) who have comprehensive knowledge24 of HIV/AIDS (%),Men (age 15-49 years) who have comprehensive knowledge24 of HIV/AIDS (%),Women (age 15-49 years) who know that consistent condom use can reduce the chance of getting HIV/AIDS (%),Men (age 15-49 years) who know that consistent condom use can reduce the chance of getting HIV/AIDS (%),Currently married women (age 15-49 years) who usually participate in three household decisions25 (%),Women (age 15-49 years) who worked in the last 12 months and were paid in cash (%),Women (age 15-49 years) owning a house and/or land (alone or jointly with others) (%),Women (age 15-49 years) having a bank or savings account that they themselves use (%),Women (age 15-49 years) having a mobile phone that they themselves use (%),Women age 15-24 years who use hygienic methods of protection during their menstrual period26 (%),Ever-married women age 18-49 years who have ever experienced spousal violence27 (%),Ever-married women age 18-49 years who have experienced physical violence during any pregnancy (%),Young women age 18-29 years who experienced sexual violence by age 18 (%),Women age 15 years and above who use any kind of tobacco (%),Men age 15 years and above who use any kind of tobacco (%),Women age 15 years and above who consume alcohol (%),Men age 15 years and above who consume alcohol (%)
India,Urban,160138,179535,26420,82.51,23.14,985.28,924.35,93.3,83.2,99.05,98.67,81.47,89.65,96.92,38.08,18.06,83.01,89.55,56.28,62.11,51.78,72.46,14.69,11.25,1.63,3.84,27.09,17.96,26.56,31.45,69.26,58.51,36.31,0.24,2.72,4.35,13.58,0.44,8.43,3.55,23.02,64.71,75.46,68.14,92.72,54,34.38,94.91,84.61,3385.4,3.79,85.7,93.79,52.57,2.05,94.02,32.26,49.28,22.71,75.47,83.31,94.73,79.16,85.96,87.11,30.43,34.92,83.02,71.82,87.7,11.13,6.16,62.5,31.49,72.22,2.3,72.7,44.67,59.63,51.95,11.77,14.2,12.25,30.12,18.54,7.6,27.34,4.22,13.24,13,33.24,29.79,59.9,50.13,64.22,54.06,45.72,53.81,56.47,20.39,25.04, ,7.97,16.27,7.81,8.54,17.85,13.57,5.22,23.62,17.14,5.94,26.61,2.24,1.2,1.15, , ,37.48,76.11,86.35,91.01,24.96,38.3,80.93,69.36,89.37,24.19,2.51,1.1,5.44,28.82,0.58,16.53
India,Rural,476561,544580,75419,66.77,28.1,1037.29,930.94,87.53,65.82,95.7,94.57,64.9,43.21,92.97,42.44,11.98,65.9,81.54,33.7,43.72,24.56,48.68,27.02,21.14,2.14,7.93,49.27,27.45,38.36,45.69,65.55,55.5,38.65,0.33,1.84,5.41,7.58,0.62,9.88,4.27,24.26,61.47,67.91,54.2,91.65,40.17,22.74,96.31,75.42,2769.84,4.31,76.45,86.71,65.31,3.67,87.76,17.59,46.03,11.86,76.79,83.96,95.38,80.93,87.02,88.13,32.41,36.95,84.21,70.97,97.01,1.63,7.71,60.08,30.25,67.95,2.97,67.82,40.68,65.06,43.89,10.8,11.95,10.96,37.34,19.51,7.71,33.78,3.15,21.22,17.83,19.68,19.33,55.15,46.39,68.25,58.69,54.31,58.51,60.15,27.41,33.86,5.87,5.47,12.27,7.02,6.49,14.51,11.92,5.18,20.21,15.01,5.52,22.73,1.74,0.67,0.79,1.28,18.21,27.07,64.67,79.56,87.66,25.56,45.69,77.43,46.61,72.32,31.63,3.41,1.64,10.49,42.69,1.61,19.92
India,Total,636699,724115,101839,71.76,26.52,1020.45,929.16,89.08,70.75,96.77,95.87,70.17,58.62,94.28,40.99,13.62,71.46,84.37,41.04,50.21,33.34,57.14,23.25,17.67,1.99,6.78,42.89,24.91,35.2,41.86,66.71,56.45,37.91,0.3,2.11,5.07,9.46,0.56,9.42,4.04,23.86,62.36,70.04,58.13,91.95,44.07,26.02,95.91,78.01,2915.87,4.24,79.06,88.59,61.91,3.24,89.43,21.5,47.37,14.31,76.44,83.79,95.2,80.45,86.74,87.85,31.88,36.4,83.89,71.2,94.53,4.17,7.3,60.63,30.54,68.92,2.79,69.01,41.75,63.72,45.91,11.05,12.72,11.3,35.47,19.26,7.68,32.11,3.43,18.67,16.19,24.02,22.88,56.66,47.66,67.12,57.22,52.15,57.03,59.14,25.04,31.13,6.12,6.25,13.51,7.27,7.15,15.58,12.44,5.19,21.28,15.69,5.66,23.98,1.91,0.85,0.92,1.18,21.58,30.74,68.36,81.95,88.7,25.37,43.3,78.56,53.95,77.33,29.31,3.13,1.48,8.85,37.99,1.28,18.77
Andaman & Nicobar Islands,Urban,527,557,85,86.46,22.67,1022.74,941.04,96.86,-94.8,99.47,98.03,87.95,95.63,99.65,1.44,Null,86.55,89.27,59.71,59.41,44.13,54.57,17.43,Null,1.44,1.54,35.66,Null,Null,Null,54.43,48.53,31.01,0,2.23,2.21,12.12,0.46,18.32,8.78,30.09,-88.03,81.15,86.03,92.82,81.21,64.77,100,89.39,4229.5,Null,89.99,99.19,81.84,0,96.74,40.78,Null,33.59,-72.11,Null,-100,-75.68,-93.09,-79.29,-34.58,-0.01,-82.98,84.3,-90.94,-5.7,6.23,Null,Null,Null,0,-80.97,45.76,Null,Null,-24.27,Null,-27.74,18.15,12.83,5.09,15.07,5.69,11.32,7.77,41.72,37.04,72.2,61.32,47.83,57.36,Null,57.24,44.1,9.18,Null,8.59,9.39,19.64,9.49,8.56,19.44,12.58,5.01,23.43,17.63,6.5,28.17,1.74,0,9.98,3.52,10.13,36.83,81.39,67.48,93.03,34.66,10.87,88.48,80.79,98.47,23.19,-0.01,1.37,14.95,44.71,0.69,33.83
Andaman & Nicobar Islands,Rural,2097,1840,282,81.75,19.69,929.23,891.11,97.84,88.78,96.46,95.31,87.98,71.01,99.74,1.61,33.67,85.58,94.65,47.57,47.65,27.87,41.11,15.27,-5.75,1.17,4.01,13.19,-2.82,-8.39,-9.46,73.38,63.92,44.64,0.29,5.01,4.52,8.24,0.14,10.27,4.27,31.01,80.46,73.47,81.04,89.03,80.71,41.02,97.92,88.45,2089.19,Null,91.82,98.73,92.08,0.41,97.83,20.2,Null,15.78,84.84,96.77,95.88,87.35,92.08,85.5,28.59,0.65,88.44,87.22,100,0,5.13,Null,Null,Null,3.09,64.64,47.78,Null,Null,12.39,Null,10.59,26.42,18.95,4.57,31.14,5.16,8.19,1.57,35.71,50.58,80.72,53.66,33.32,57.68,-55.54,57.64,45.47,20.36,-25.59,6.7,7.32,16.19,9.12,6.55,17.12,16.85,4.81,26.4,22.14,6.43,31.24,2.83,2.56,10.18,3.97,18.42,33.36,72.51,62.19,95.52,17.12,19.36,89.75,80.86,99.12,13.22,0.5,2.16,41.06,66.39,7.6,41.94
Andaman & Nicobar Islands,Total,2624,2397,367,83.52,20.79,962.75,913.91,97.39,90.91,97.58,96.32,87.97,79.77,99.71,1.55,42.61,85.97,92.53,52.47,52.28,34.79,46.51,16.21,-7.08,1.28,3.01,22.1,-12.32,-20.64,-24.54,65.76,57.73,39.16,0.17,3.89,3.59,9.8,0.27,13.51,6.09,30.57,83.42,77.06,83.37,90.8,80.94,52.12,98.9,88.89,2924.19,Null,90.97,98.95,87.27,0.22,97.32,29.86,-79.17,23.63,77.78,95.99,98.17,80.88,92.64,82.05,31.91,0.29,85.41,85.95,94.89,3.21,5.64,-64.96,-44.05,-83.25,1.66,72.68,46.86,-73.26,Null,18.49,Null,19.47,22.47,15.99,4.82,23.65,5.42,9.44,3.99,38.11,45.3,77.3,56.63,40.04,57.55,-53.66,57.48,44.92,16.06,-27.09,7.41,8.09,17.47,9.25,7.26,17.93,15.25,4.89,25.29,20.55,6.46,30.16,2.41,1.56,10.1,3.78,14.89,34.71,76.29,64.26,94.48,24.58,15.75,89.21,80.83,98.85,17.21,0.3,1.84,31.26,58.71,5.01,39.07
Andhra Pradesh,Urban,3192,3161,433,75.47,21.33,1024.18,876.99,93.83,89.35,99.56,99.43,89.1,96.57,89.28,62.16,10.15,79.01,86.4,51.2,59.54,33.93,65.1,21.69,13.07,1.47,9.34,40.05,14.35,29.75,33.67,70.83,70.27,68.26,0.63,0.17,0.1,0.93,0,5.24,2.31,18.62,33.56,82.68,67.16,92.51,76.74,45.61,94.15,92.19,2658.69,Null,92.91,98.64,41.81,0.97,98.31,50.47,66.11,30.85,69.29,89.1,92.37,70.58,84.79,83.69,27.06,71.96,82.96,81.68,86.4,11.45,6.24,-64.2,-32.77,-77.6,2.04,69.22,51.63,61.35,-67.28,15.18,19.46,16.7,23.14,17.55,6.36,25.12,2.95,11.91,14.96,44.37,37.74,52.72,53.76,58.73,57.82,56.19,57.77,62.32,13.79,12.78,7.81,13.24,23.24,9.15,13.68,24.88,14.4,6.22,27.54,19.2,7.42,32.16,4.25,0.69,8.3,7.33,29.1,47.11,70.75,88.43,83.42,36.47,41.39,86.74,67.41,90.61,28.78,3.46,3.8,1.91,15.76,0.33,20.45
Andhra Pradesh,Rural,8154,7814,1125,61.21,22.57,1054.52,956.93,91.56,76.64,99.4,95.44,72.09,77.91,80.38,73.73,9.83,63.84,76.28,34.28,42.54,15.35,41.47,32.9,15.18,1.78,14.09,80.32,22.11,30.43,35.81,71.23,71.09,70.2,0.35,0.14,0.06,0.25,0.04,4.44,2.78,18.64,27.11,81.34,67.58,92.87,67.64,39.25,97.46,90.08,3248.46,-14.2,92.08,95.67,53.74,1.42,95.23,39.28,61.35,25.23,74.65,87.5,95.57,76.88,89.94,88.55,31.3,77,86.35,79.73,97.38,1.28,7.61,61.93,44.71,73.27,2.53,70.56,52.21,70.41,45.36,5.78,7.81,6.29,34.24,15.49,5.83,31.37,2.56,16.15,17.19,32.57,27.99,47.22,52.62,65.03,59.52,52.7,59.31,59.05,17.32,21.35,7.02,9.23,17.9,8.13,10.43,20.49,13.2,5.78,24.28,16.85,6.91,27.64,4.83,0.81,6.79,5.89,22.59,34.74,59.65,79.99,84.3,44.5,50.63,79.63,40.93,82.49,30.53,3.87,3.66,4.68,25.6,0.55,24.53
Andhra Pradesh,Total,11346,10975,1558,65.57,22.19,1045.13,933.63,92.17,80.21,99.45,96.65,77.26,83.62,83.1,70.19,9.92,68.64,79.48,39.63,47.91,20.97,48.79,29.34,14.52,1.68,12.57,67.25,19.91,30.25,35.19,71.11,70.84,69.61,0.44,0.15,0.07,0.45,0.03,4.68,2.64,18.64,28.92,81.73,67.46,92.77,70.29,41.1,96.53,90.69,3105.47,17.22,92.32,96.51,50.37,1.29,96.1,42.44,63.01,26.55,73.02,87.95,94.59,74.96,88.37,87.07,30.01,75.46,85.32,80.28,94.15,4.28,7.22,62.48,41.8,74.33,2.39,70.24,52.04,68.04,50.77,8.22,12.08,9.31,31.16,16.06,5.98,29.63,2.67,14.83,16.48,36.25,31.08,48.93,52.98,63.19,58.99,53.71,58.83,60.07,16.2,18.67,7.26,10.43,19.5,8.43,11.4,21.81,13.56,5.91,25.26,17.56,7.06,29,4.65,0.77,7.27,6.33,24.56,38.63,63.01,82.64,84.05,42.07,47.83,81.78,48.94,85.08,30.01,3.75,3.7,3.83,22.56,0.48,23.27
Arunachal Pradesh,Urban,3714,4211,621,83.23,26.17,989.14,912.26,89.71,41.34,99.5,98.13,79.87,90.15,99.43,33.6,8.03,84.65,92.13,55.39,64.12,70,86.93,16.69,17.65,1.44,3.23,27.35,12.51,16.7,22.17,56.95,44.84,15.66,0.02,6.28,13.34,7.46,0.66,13.4,7.66,21.08,71.85,57.18,47.81,82.11,29.39,13.03,97.73,67.03,10177.81,7.79,66.59,90.62,82.14,3.21,93.02,17.06,56.26,14.97,66.76,73.43,93.38,70.45,83.19,85.1,29.61,28.75,80.93,75.68,99.28,0.72,4.27,59.59,35.86,59.54,2.45,53.95,53.97,66.19,-42.25,26.52,-16.84,25.72,28.42,10.07,4.65,13.12,9.55,5.62,6.43,28.91,32.44,66.6,47.93,52.84,37,23.39,36.48,43.45,21.41,21.94,4.73,3.66,9.56,6.35,4.64,12.03,16.13,6.76,25.31,23.13,8.45,33.19,1.39,0.69,0.99,1.17,11.1,30.36,58.64,70.58,89.2,22.99,69.78,85.98,81.91,93.53,18.54,1.05,0.1,14.01,44.45,14.85,44.29
Arunachal Pradesh,Rural,14554,15554,2260,69.02,27.2,998.17,989.95,87.36,33.43,93.97,92.93,83.41,46.25,99.21,28.5,5.54,71.63,85.6,36.19,44.97,49.61,68.48,19.33,21.48,1.88,6.63,39.69,6.93,12.25,18.27,59.51,47.57,18.71,0,6.21,15.87,4.17,1.04,12.27,6.9,19.04,73.92,52.4,34.61,76.05,22.85,7.85,95.18,54.61,9648.8,1.89,54.78,77.3,73.64,4.11,80.3,14.39,43.84,17.36,64.59,76.85,87.13,68.82,76.83,80.08,27.06,32.44,71.83,68.82,97.31,0.65,5.26,63.11,26.87,52.55,2.04,45.85,51.68,62.93,49.48,23.35,12.81,21.42,27.91,13.55,6.81,15.78,9.67,5.71,4.56,22.87,26.6,69.41,45.71,57.13,41.57,28.64,41.01,49.56,21.45,25.59,4.62,3.04,8.19,6.78,4.29,11.85,16.45,6.68,24.81,22.75,9.05,33.05,0.74,0.27,0.47,0.68,12.51,33.98,62.92,79.08,86.64,23.55,70.25,76.74,75.28,91.38,25.95,3.34,0.81,19.67,51.4,25.86,54.26
Arunachal Pradesh,Total,18268,19765,2881,71.16,27.05,996.81,978.73,87.69,34.46,94.8,93.71,82.88,53.19,99.24,29.31,5.9,73.78,86.69,39.36,48.18,52.92,71.58,18.88,20.84,1.8,6.03,37.51,7.72,12.87,18.82,59.11,47.15,18.24,0,6.22,15.48,4.68,0.98,12.45,7.01,19.4,73.65,53.09,36.51,76.92,23.8,8.6,95.58,56.41,9731.31,2.26,56.49,79.18,74.84,3.98,82.09,14.76,47.27,16.99,64.87,76.39,87.93,69.02,77.65,80.72,27.39,31.97,72.99,69.74,97.58,0.66,5.12,62.7,27.92,53.37,2.1,47.1,52.01,63.43,48.35,23.82,13.07,21.99,27.98,13.08,6.51,15.41,9.65,5.69,4.87,23.87,27.57,68.94,46.08,56.56,40.82,27.86,40.27,48.48,21.44,24.94,4.64,3.14,8.39,6.71,4.34,11.87,16.41,6.69,24.88,22.81,8.96,33.07,0.84,0.33,0.55,0.76,12.28,33.38,62.22,77.66,87.03,23.46,70.18,78.24,76.36,91.76,24.78,3,0.68,18.81,50.33,24.19,52.72
Assam,Urban,3988,4291,681,87.87,21.29,982.21,916.34,96.99,80.47,99,92.31,69.72,85.49,99.57,50.11,4.13,87.47,92.62,49.02,53.24,49.02,67.4,22.32,18.3,1.5,5.82,40.93,15.18,22.73,33,61.38,42.31,9.28,0.1,3.35,21.22,7.59,0.28,9.91,3.07,18,67.39,72.7,62.55,96.16,54.44,22.62,98.87,76.8,6651.14,2.84,80.65,93.51,66.28,2.22,94.85,39.15,78.84,26.68,63.15,70.56,92.63,69.27,79.73,77.25,12.54,44.8,72.68,63.99,88.39,9.18,2.74,-80.99,-27,-61.83,2.47,55.04,48.46,67.33,-57.55,8.27,Null,7.94,29.76,19.07,8.03,25.89,7.95,13.91,11.27,23.83,25.39,66.57,54.23,66.35,66.03,41.44,65.23,67.36,27.56,34.59,8.42,6.97,16.64,8.81,9.49,20.39,12,5.1,22.45,13.83,5.32,23.83,0.59,0.37,0.44,0,24.12,28.95,76.25,86.94,93.85,17.22,36.27,81.85,75.44,82.93,26.61,2.19,7.37,16.22,43.89,2.56,21.33
Assam,Rural,26131,30688,4292,76.54,29.49,1016.88,970.34,96.19,62.84,91.49,84.99,68.35,33.67,98.63,61.91,4.42,75.39,82.76,26.15,32.15,24.36,37.82,33.35,22.52,1.93,12.53,63.79,23.38,33.06,39.89,60.7,45.8,8.91,0.1,2.87,28.55,4.41,0.58,11.12,4.3,22.08,70.27,62.67,49.16,94.31,46.57,17.98,98.69,63.83,5269.29,1.93,68.47,82.92,75.41,2.62,85.07,15.55,66.94,13.94,66.9,71.97,92.49,73.99,81.96,83.57,20.33,45.49,75.39,57.41,96.59,1.32,5.8,68.36,28.02,52.99,2.5,50.76,49.17,63.01,51.22,8.08,5.94,7.96,35.96,22.05,9.17,33.61,4.47,18.29,13.8,13.63,14.54,67.26,43.17,68.64,66.41,55.9,65.96,66.97,37.52,40.44,6.62,4.54,12.12,8.33,5.6,15.2,10.76,4.68,18.51,12.67,4.22,19.62,0.13,0.15,0.19,1.64,18.31,24.61,70.59,84.86,91.77,19.27,43.85,77.86,53.87,63.81,32.87,2.3,8.1,23.18,53.33,8.18,25.87
Assam,Total,30119,34979,4973,78.19,28.31,1011.81,964.19,96.28,65.51,92.57,86.04,68.55,42.13,98.78,59.99,4.39,77.2,84.31,29.57,35.46,28.21,42.26,31.82,21.83,1.87,11.73,60.99,22.48,31.93,39.12,60.8,45.31,8.97,0.1,2.93,27.53,4.86,0.54,10.95,4.13,21.42,69.96,63.83,50.7,94.52,47.47,18.51,98.71,65.33,5415.26,1.97,69.88,84.09,74.41,2.58,86.14,18.14,70.62,15.19,66.44,71.8,92.51,73.4,81.68,82.78,19.36,45.4,75.05,58.18,95.58,2.29,5.46,69.06,27.97,53.48,2.49,51.21,49.09,63.56,51.7,8.1,5.43,7.96,35.29,21.73,9.05,32.78,4.85,17.64,13.41,15.16,16.22,67.16,44.88,68.38,66.35,54.21,65.86,67.01,35.99,39.63,6.89,4.91,12.8,8.4,6.19,15.98,10.95,4.75,19.1,12.85,4.39,20.26,0.21,0.19,0.23,1.37,19.22,25.29,71.48,85.19,92.08,18.95,42.66,78.49,57.24,66.28,31.98,2.28,7.99,22.1,51.82,7.31,25.14
Bihar,Urban,3789,4601,734,74.19,31.62,982.26,940.29,75.38,47.65,96.2,99.46,69.17,78.56,96.18,11.58,18.51,74.93,83.95,47.99,57.11,38.43,58.39,27.87,18.28,2.35,7.37,59.79,29.49,43.05,49.95,62.28,47.04,31.82,0.21,1.27,3.6,7.33,1.08,11.51,5.02,17.54,49.29,59.84,32.36,90.45,26.03,15.25,84.98,62.55,3511.09,3.13,66.11,84.05,47.36,3.59,83.11,15.67,36.68,4.66,66.65,77.43,95.32,71.14,82.95,84.21,35.09,4.9,80.21,52.53,91.12,7.35,12.64,56.73,25.29,63.19,2.96,67.84,35.09,55.82,38.83,8.16,13.84,9.15,36.78,21.62,7.65,35.81,2.24,18.66,12.92,25.16,18.71,68.38,54.77,67.89,65.99,56.1,65.58,67.19,27.14,32.98,7.18,7.98,16.34,10.23,9.15,20.31,9,3.21,16.55,11.73,4.19,19.5,0.61,0.44,0.35,1.28,13.53,33.14,66.56,82.72,84.04,11.66,53.43,79.14,61.75,74.66,40.61,1.91,7.12,3.58,40.33,0.5,14
Bihar,Rural,32045,37882,4163,58.73,37.24,1111.18,903.25,75.68,35.51,96.27,99.15,45.68,30.25,92.75,15.09,10.48,54.54,77.01,25.21,38.9,17,39.43,43.36,34.26,3.11,11.64,80.02,35.2,47.31,57.42,54.63,43.92,35.28,0.1,0.67,1.76,3.38,1.13,13.94,6.31,20.73,50.04,51.87,24.03,89.39,16.71,8.32,90.23,56.47,2771.15,2.85,58.24,75.02,58.33,6.47,78.33,8.82,40.61,3.5,71.6,83.44,95.55,76.2,85.26,85.96,29.08,3.12,82.57,56.52,97.41,1.44,13.86,58.41,25.59,64.85,3.62,69.55,30.54,59.35,39.02,11.18,11.08,11.17,43.85,23.08,9,41.79,2.43,26.88,23.76,14.16,13.6,58.78,45.92,69.69,63.08,63.88,63.14,65.44,30.05,35.2,6.29,4.93,12.03,7.83,6.53,15.36,8.6,3.72,15.8,11.02,4.33,18.11,0.86,0.31,0.25,0.84,9.69,23.03,55.57,79.8,87.02,12.8,55.67,76.21,49.26,55.97,39.87,2.96,8.51,5.25,50.68,0.42,15.82
Bihar,Total,35834,42483,4897,61.1,36.35,1089.62,907.99,75.64,37.06,96.26,99.2,49.4,37.79,93.28,14.55,11.53,57.78,78.5,28.83,42.8,20.6,43.63,40.8,30.47,2.98,11.03,76.95,34.46,46.76,56.44,55.77,44.38,34.76,0.12,0.76,2.03,3.97,1.12,13.58,6.12,20.23,49.93,52.94,25.15,89.53,17.96,9.25,89.54,57.28,2848.31,2.87,59.3,76.2,56.91,6.1,78.95,9.71,39.64,3.62,70.96,82.69,95.52,75.54,84.96,85.73,29.86,3.35,82.26,56.01,96.6,2.2,13.7,58.21,25.56,64.65,3.54,69.35,31.11,58.93,39,10.81,11.54,10.91,42.94,22.89,8.83,41.03,2.41,25.56,21.53,15.93,14.66,60.33,47.74,69.43,63.55,63.08,63.52,65.68,29.45,34.83,6.42,5.41,12.71,8.26,7,16.24,8.67,3.64,15.92,11.15,4.31,18.36,0.82,0.33,0.26,0.94,10.33,25.19,57.42,80.42,86.53,12.61,55.29,76.7,51.36,58.81,39.98,2.8,8.3,4.98,48.79,0.43,15.49
Chandigarh,Urban,740,720,104,86.82,23.2,917.97,819.84,97.96,93.56,99.85,99.11,85.37,95.81,96.78,32.31,6.4,83.1,94.8,59.91,64.48,75.2,91.91,9.84,Null,1.41,0.76,8.8,Null,Null,Null,77.53,55.77,19.02,0.32,4.29,0.4,31.23,0,6.97,2.48,34.29,-91.49,82.17,79.11,93.08,73.85,64.33,97.42,90.52,5585.62,Null,89.43,97,83.37,0,97,31.65,-44.81,30.64,-81.66,-83.57,-96.73,-81.66,-88.7,-88.7,-15.13,-85.71,-85.71,72.35,-92.81,-7.19,4.37,Null,Null,Null,0.33,Null,63.69,Null,Null,-22.89,Null,-19.1,25.2,8.3,2.37,20.18,1.87,13.06,15.06,43.91,34.44,60.42,66.9,54.97,60.08,Null,60.25,57.48,8.08,Null,6.01,11.96,18.97,7.11,8.79,16.62,14.43,5.53,24.97,18.64,8.58,30.57,1.43,0,0.39,-2.38,20.33,53.56,72.25,85.04,94.57,22.03,30.43,87.1,70,93.32,9.67,0,Null,0.57,11.95,0.27,18.5
Chandigarh,Rural,21,26,0,-69.23,32.32,867.92,Null,Null,Null,100,100,47.57,Null,Null,Null,Null,-69.23,Null,-30.77,Null,Null,Null,Null,Null,Null,Null,0,Null,Null,Null,Null,Null,Null,Null,Null,Null,Null,Null,Null,Null,Null,Null,Null,Null,Null,Null,Null,Null,Null,Null,Null,Null,Null,Null,Null,Null,Null,Null,Null,Null,Null,Null,Null,Null,Null,Null,Null,Null,Null,Null,Null,Null,Null,Null,Null,Null,Null,Null,Null,Null,Null,Null,Null,Null,Null,Null,Null,Null,Null,Null,Null,Null,Null,Null,Null,Null,Null,-64,Null,Null,Null,-3.45,-13.79,-17.24,-8,-8,-16,-20,-6.67,-30,-19.23,-15.38,Null,Null,Null,Null,Null,Null,Null,Null,Null,Null,Null,Null,Null,Null,Null,Null,Null,Null,-0.01,-23.68,-0.01,-31.58
Chandigarh,Total,761,746,104,86.66,23.29,917.45,837.77,97.64,93.63,99.85,99.12,84.98,95.81,96.81,32.23,6.32,82.96,94.8,59.61,64.48,75.2,91.91,9.72,Null,1.4,0.76,8.72,Null,Null,Null,77.42,55.6,18.99,0.31,4.24,0.45,31.07,0,6.89,2.46,33.96,-91.68,82.34,78.74,93.15,73.91,64.48,97.24,90.61,5546.35,Null,89.34,96.87,83.24,0.16,97.03,31.3,-44.28,30.35,-80.93,-82.77,-96.76,-80.93,-87.9,-87.9,-14.99,-84.94,-84.94,72.57,-92.88,-7.12,4.33,Null,Null,Null,0.33,Null,63.72,Null,Null,-22.7,Null,-18.97,25.3,8.41,2.34,20.56,1.85,13.01,15.06,44.02,34.44,60.71,66.9,54.58,60.09,Null,60.3,57.67,8.08,Null,5.98,11.98,18.95,7.12,8.78,16.62,14.49,5.55,25.03,18.65,8.67,30.62,1.41,0,0.39,-2.38,20.33,53.56,72.25,85.04,94.57,22.03,30.43,87.1,70,93.39,9.67,0,Null,0.56,12.06,0.27,18.63
Chhattisgarh,Urban,4518,5421,794,80.3,23.2,1016.36,933.47,97.25,81.15,99.46,98.59,88.15,80.23,99.02,68.81,6.29,85.26,90.27,52.39,52.19,44.45,75.4,8.1,9.76,1.42,1.72,19.37,19.3,26.23,28.94,71.32,64.91,47.25,0.39,3.7,2.6,7.88,0.38,7.98,3.52,28.02,82.94,71.54,62.16,92.14,41.39,23.46,98.52,90.31,2536.02,4.81,87.27,93.12,58.91,3.03,95.53,31.18,60.4,17.84,77.33,81.83,95.79,85.75,83.96,87.74,34.81,48.49,82.28,81.85,88.86,10.56,3.3,-68.76,-33.76,-73.29,1.45,63.21,29.96,73.8,41.77,9.38,-4.68,8.99,29.95,18.91,8.95,25.82,5.68,15.97,11.08,23.14,22.4,64.52,47.92,71.08,57.08,38.76,56.54,62.18,20.81,22.48,5.39,5.38,12.12,6.46,4.84,12.76,14.56,5.65,23.53,19.5,6.32,27.84,0.38,0.42,0.44,1.39,23.86,37.38,86.28,90.24,96.54,28.41,46.14,77.93,61.17,83.17,14.02,1.23,0.53,9.39,33.42,1.26,28.55
Chhattisgarh,Rural,20032,23047,3380,66.06,26.04,1014.28,966.98,96.42,75.65,98.6,94.67,73.5,19.22,98.32,72.09,4.18,71.3,86.33,32.05,38.14,20.78,50.42,13.2,18.25,1.94,3.41,25.15,35.58,48.7,55.79,66.77,60.76,47.62,0.89,2.59,2.33,3.01,0.36,8.33,3.39,30.69,83.52,64.07,59.57,91.87,45.89,27.05,97.17,82.28,1681.66,10.26,80.16,83.9,72.74,6.47,87.15,11.27,54.46,7.13,80.4,85.64,96.63,83.8,88.42,90.93,29.13,50.93,86.96,85.18,98.74,1.05,3.71,67.01,41.39,73.88,1.49,63.73,32.77,81.52,41.22,9.74,1.6,9.35,35.75,18.87,7.19,32.71,3.56,25.33,19.35,11.25,12.66,52.55,43.22,66.16,62.46,54.75,62.15,61.24,28.87,34.35,4.25,3.28,8.07,5.13,4.24,10.25,14.91,7.09,23.59,18.9,7.79,27.66,0.25,0.14,0.17,1.13,22.78,28.67,72.06,83.3,91.54,42.62,45.45,81.14,33.94,64.81,22.19,0.85,0.86,19.63,45.98,6.05,36.69
Chhattisgarh,Total,24550,28468,4174,69.28,25.41,1014.74,960.16,96.58,76.97,98.79,95.54,76.76,33,98.48,71.35,4.62,74.62,87.26,36.89,41.45,26.69,56.32,12.04,16.17,1.82,3.06,23.9,32.37,44.24,50.4,67.81,61.71,47.53,0.78,2.84,2.4,4.12,0.36,8.25,3.42,30.06,83.38,65.66,60.12,91.93,44.94,26.29,97.45,83.99,1833.49,9.76,81.67,85.72,70.01,5.79,88.81,15.2,57.01,8.91,79.74,84.79,96.44,84.22,87.45,90.24,30.36,50.4,85.95,84.52,96.63,3.09,3.63,67.32,40,73.77,1.48,63.62,32.24,80.35,41.31,9.67,2.55,9.28,34.6,18.88,7.54,31.33,3.98,23.08,17.41,14.11,14.94,55.42,44.32,67.24,61.17,51.79,60.82,61.44,26.99,31.45,4.52,3.76,9.01,5.43,4.38,10.83,14.83,6.76,23.58,19.04,7.45,27.7,0.28,0.21,0.24,1.19,23.05,30.72,75.61,84.94,92.66,39.07,45.63,80.34,40.74,68.82,20.23,0.94,0.79,17.27,43.11,4.95,34.83
Dadra and Nagar Haveli & Daman and Diu,Urban,1542,1455,260,85.76,24.36,775.2,704.76,96.57,91.45,99.86,97.88,68.5,95.16,98.09,39.5,6.15,87.69,95.44,48.6,58.77,49.42,76.21,26.69,-20.61,1.72,1.88,32.03,-20.32,-33.33,-43.8,63.53,53.63,30.88,0,2.96,3.45,15.62,0.68,15.37,7.35,27.6,66.93,71.77,77.93,78.71,56.01,35.24,97.82,91.52,1132.26,Null,92.05,96.38,60.38,0.85,97.03,29.89,44.52,22.96,90.01,91.94,96.23,92.41,94.53,92.59,35.18,5.74,89,86.04,94.76,5.24,2.31,Null,Null,Null,0.6,88.93,19.43,-64.76,Null,9.76,Null,8.99,32.89,22.14,5.12,33.63,1.21,20.74,19.16,34.04,27.57,46.2,45.66,75,60.43,-61.06,60.45,60.07,17.89,-12.07,5.49,7.27,13.96,7.58,8.51,17.17,8.9,3.28,16.49,11.86,3.06,17.03,0.85,0.47,0.51,2.08,31.44,35.2,75.8,81.31,95.73,23.5,51.93,78.02,75.38,90.95,21.78,1.32,4.41,2.39,39.62,0.52,29.09
Dadra and Nagar Haveli & Daman and Diu,Rural,1134,1258,167,64.98,26.38,875.49,939.54,99.48,99.57,99.48,93.16,63.34,62.56,78.44,66.26,1.33,67.9,91.56,24.22,40.66,23.84,61.3,26.16,-7.42,1.94,5.75,45.14,-22.51,-30.43,-30.43,72.43,65.95,52.41,0.3,1.48,2.81,7.81,1.14,8.48,3.19,23.22,72.17,84,94.84,90.8,63.7,37.19,99.85,91.66,329.13,Null,89.81,96.65,82.93,1.88,98.53,16.12,37.32,13.26,100,94.78,100,100,100,100,53.68,1.52,97.45,86.25,100,0,2.95,Null,Null,Null,0.06,-94.83,31.79,-93.29,Null,11.42,Null,11.29,45.66,21.08,3.49,43.52,2.45,29,17.45,20.31,15.95,44.68,18.4,76.84,64.52,-60.4,64.36,66.26,30.34,-59.96,7.52,4.8,13.31,8.34,6.88,15.66,6.69,4.49,13.61,7.79,4.32,13.85,0,0,0,0,19.03,21.49,51.69,77.08,87.43,39.47,59.74,89.28,45.53,95.57,10.83,7.8,4.13,3.32,37.53,1.61,26.54
Dadra and Nagar Haveli & Daman and Diu,Total,2676,2713,427,74.4,25.43,827.03,817.27,98.09,95.4,99.66,95.37,65.76,79.94,89.12,51.99,3.73,77.26,93.43,35.75,49.4,36.7,68.34,26.41,12.58,1.84,4.26,40.01,21.43,31.84,36.99,67.98,59.78,41.64,0.15,2.22,3.13,11.72,0.91,11.92,5.27,25.3,69.91,77.74,86.18,84.61,59.76,36.19,98.83,91.59,676.99,Null,90.95,96.52,71.9,1.38,97.79,22.86,42.47,17.25,94.88,93.37,98.07,96.11,97.2,96.2,44.19,3.69,93.12,86.16,97.33,2.67,2.64,Null,Null,Null,0.32,90.65,25.93,79.36,-43.3,10.7,-3.97,10.22,39.42,21.59,4.28,38.7,1.85,25.07,18.25,26.84,21.37,45.4,31.13,75.8,62.58,60.66,62.51,63.9,24.62,36.99,6.61,5.91,13.6,7.97,7.67,16.39,7.68,3.95,14.91,9.76,3.71,15.39,0.41,0.23,0.25,1.07,25.26,28.1,63.81,79.12,91.85,31.45,55.82,83.62,60.54,93.59,16.81,4.29,4.28,2.9,38.56,1.11,27.8
Goa,Urban,1143,1240,200,90.24,19.78,985.19,822.24,100,100,100,98.96,88.99,98.8,97.74,65.07,19.46,92.64,94.93,73.01,74.96,78.05,86.1,7.67,-12.14,1.26,2.81,16.98,Null,Null,Null,72.26,64.98,33.17,0,2.5,3.42,24.58,0,7.29,3.52,27.16,86.36,66.51,92.94,98.01,87.03,61.44,99.66,96.52,3875.33,Null,97.35,99.56,53.09,0,98.56,39.08,46.55,32.86,-77.86,-87.74,-96.48,-83.82,-89.34,-92.89,-23.18,-2.34,-95.24,94.35,-90.8,-9.2,2.1,Null,Null,Null,0,-82.2,60.72,Null,Null,18.92,Null,21.08,24.26,17.69,6.44,22.45,2.24,13.05,9.33,38.11,32.46,51.13,34.17,53.28,39.89,-46.1,40.03,43.54,13.31,-11.91,8.22,9.74,20.6,10.3,10.75,23.01,12.61,3.48,27.55,14.37,4.74,25.93,1.58,1.31,0.76,0.58,47.67,62.77,89.44,98,89.26,35.15,22.42,85.09,94.51,96.21,6.04,0.94,1.62,2.42,19.45,5.62,38.23
Goa,Rural,713,790,113,87.17,18.09,1091.52,864.08,100,100,100,97.81,86.35,93.12,97.4,67.46,-18.15,93.43,98.5,69.31,79.39,68.28,76.6,3.18,Null,1.36,2.67,11.31,Null,Null,Null,61.1,52.39,24.88,0,2.18,1.66,21.13,0,10.1,4.74,28.37,-83.09,76.15,93.1,94.17,88.19,70.48,100,93.71,3705.89,Null,95.68,100,61.14,0,100,40.08,56.62,29.56,-88.07,Null,-100,-95.14,-92.92,-92.92,-19.51,-12.25,-89.24,88.06,-95.55,-4.45,5.01,Null,Null,Null,2.4,Null,62.93,Null,Null,-21.79,Null,-22.17,28.23,21.52,9.39,26.59,3.63,14.99,18.39,33.12,32.75,50.95,37.78,53.09,37.46,Null,37.36,45.67,9.48,Null,9.09,9.47,21.13,10.31,12.89,25.93,11.46,3.82,27.36,15.5,4.74,28.24,0.59,1.19,0.35,2.08,50.62,74.66,90.84,97.49,98.6,27.86,24.07,92.38,87.06,97.58,11.4,2.68,8.77,2.83,16.34,5.3,34.92
Goa,Total,1856,2030,313,88.95,19.09,1026.92,838.11,100,100,100,98.49,87.92,96.5,97.6,66.04,19.02,92.96,96.25,71.5,76.59,73.69,82.88,5.83,-8.92,1.3,2.75,14.49,-5.63,-5.63,-10.6,67.91,60.07,29.94,0,2.38,2.73,23.24,0,8.38,3.99,27.73,85.51,70.32,93,96.49,87.49,65.02,99.8,95.4,3803.57,Null,96.69,99.73,56.18,0,99.11,39.46,50,31.48,81.94,90.98,97.89,88.35,90.77,92.9,21.72,6.3,92.84,91.94,92.74,7.26,3.22,Null,Null,Null,0.92,86.56,61.63,-61.37,Null,20.24,Null,21.54,25.77,19.12,7.54,24,2.76,13.83,12.51,36.09,32.56,51.06,35.44,53.2,38.9,-40.99,38.95,44.49,12,-15.77,8.59,9.63,20.82,10.3,11.57,24.13,12.13,3.63,27.47,14.8,4.74,26.82,1.18,1.26,0.59,1.11,48.98,67.15,90.06,97.81,93.13,31.9,23.16,88.34,91.18,96.79,8.26,1.64,4.59,2.59,18.22,5.48,36.92
Gujarat,Urban,9232,10163,1683,83.65,22.23,929.16,931.06,98.7,95.73,99.44,99.35,89.26,94.33,97.44,36.27,8.65,86.83,95.4,47.91,56.93,48.87,72.93,14.16,18.72,1.65,2.64,24.33,16.81,24.09,26.7,69.51,53.98,29.09,0.07,4.19,3.08,16.77,0.14,9.7,3.96,31.46,78.07,83.71,82.43,91.43,62.04,45.45,96.65,93.1,2026.91,-2.41,91.83,97.79,36.59,1.06,96.75,30.69,38.03,20.27,77.02,82.94,95.61,79.66,85.2,88.49,24.32,2.9,85.03,86.76,83.42,16.41,5.67,69.84,31.71,70.46,0.91,76.01,34.39,70.26,40.81,6.51,7.19,6.63,32.35,22.36,9.74,33.28,4.6,17.24,15.95,30.44,25.63,47.21,43.29,77.58,61.44,55.59,61.26,63,23.3,31.51,8.43,7.61,17.55,9.49,7.3,17.8,11.4,3.84,21.14,12.67,3.91,20.31,0.32,0.14,0.2,0.5,36.25,40.74,79.14,89.12,94.37,26.35,41.58,73.49,66.04,77.63,10.02,2.19,2.95,5.39,33.64,0.31,4.58
Gujarat,Rural,20136,23180,3668,65.41,25.26,990.9,969.09,96.74,91.62,96.22,95.65,63.27,46.09,94.26,41.08,5.8,69.03,87.49,23.63,36.91,17.53,47.99,26.91,33.88,2,6.67,40.29,24.76,35.46,44.22,62.24,53.26,40.75,0.21,2.36,1.79,7.54,0.14,10.77,4.82,28.83,71.79,76.39,73.28,87.56,58.68,41.8,98.29,87.49,1534.9,7.66,86.63,92.16,47.25,1.86,91.05,15.34,24.95,8.75,75.94,86.24,94.16,79.53,86.62,85.81,29.04,1.75,84.85,84.78,97.35,2.34,9.74,65.36,36.75,69.31,1.08,74.79,39.85,62.4,42.58,5.57,5.12,5.5,42.98,26.73,11.06,43.51,3.54,30.85,24.66,17.01,15.59,41.17,38.99,81.18,67.68,66.44,67.63,72.34,29.11,39.2,7.89,6.08,14.64,8.54,6.89,16.21,11.98,5.08,20.12,13.34,4.8,20.31,0.18,0.13,0.19,0.86,22.81,31.9,57.58,77.5,90.67,34.05,43.27,67.48,36.18,58.56,16.84,1.21,4.04,10.96,46.73,0.77,6.76
Gujarat,Total,29368,33343,5351,72.88,24.01,964.86,954.66,97.47,93.01,97.55,97.18,74.02,66.85,95.63,39.01,6.9,76.45,90.91,33.76,45.57,30.8,58.89,21.78,27.69,1.86,5.22,34.38,21.8,31.22,37.64,65.26,53.56,35.91,0.15,3.12,2.32,11.38,0.14,10.33,4.47,29.84,74.09,79.27,76.89,89.08,60,43.24,97.65,89.7,1697.37,6.89,88.68,94.25,43.29,1.56,93.17,21.03,30.78,12.36,76.34,84.96,94.7,79.58,86.09,86.82,27.27,2.18,84.92,85.55,92.1,7.64,8.22,66.52,35.44,69.61,1.01,75.18,37.78,65.01,41.96,5.91,5.99,5.92,39.02,25.1,10.57,39.68,3.93,25.15,20.88,22.64,19.94,43.69,40.85,79.69,65.06,62.55,64.98,68.98,26.6,36.02,8.12,6.71,15.84,8.95,7.06,16.9,11.74,4.56,20.55,13.05,4.41,20.31,0.24,0.14,0.2,0.7,28.5,35.73,66.71,82.53,92.22,30.79,42.56,70.03,48.82,65.82,14.02,1.61,3.59,8.65,41.09,0.58,5.82
Haryana,Urban,5745,6625,946,82.34,23.18,911.46,943.42,95.74,88.81,99.8,99.32,86.01,90.54,95.11,28.33,8.05,87.42,94.46,60.12,65.01,60.16,79.72,9.91,17.55,1.65,2.97,21.32,18.95,28.6,36,73.54,58.99,24.13,0.67,4.99,2.89,24.59,0.41,7.71,2.9,21.24,71.64,85.03,63.05,88.55,50.68,31.74,94.89,92.39,1767.91,-7.26,92.29,96.1,48.61,0.7,95.53,23.54,34.85,14.37,74.3,81.96,95.9,77.82,88.9,89.38,33.48,79.49,87.82,62.19,92.06,6.46,4.83,52.24,26.02,70.75,1.83,70.65,37.66,70.34,51.76,9.28,10.63,9.55,26.09,10.76,4.32,20.49,3.27,11.4,15.02,37.46,30.23,64.55,59.46,68.07,57.49,54.64,57.39,59.34,16,26.72,5.25,7.01,13.53,6.98,6.85,15.05,13.64,5.72,22.94,17.23,6.95,26.21,0.97,0.27,0.36,1.63,22.01,39.38,71.38,86.75,90.65,22.63,35.74,76.25,65.11,96.66,17.99,2.5,0.19,1.66,23.29,0.34,15.73
Haryana,Rural,12484,15284,2278,69.61,26.32,932.57,872.84,94.86,85.45,99.53,98.23,84.55,42.64,96.64,24.2,7.41,78.75,93.01,44.14,60.75,42.8,68.83,13.65,15.19,2.04,4.27,29.23,22.74,35.28,39.8,72.94,61.27,36.31,1.05,4.93,2.77,14.94,0.39,7.5,3.55,26.86,68.24,85.32,59.21,91.7,51.46,32.04,97.62,90.78,1630.64,2.91,90.43,94.42,61.07,1.32,93.95,17.78,33.42,10.87,77.92,80.79,94.58,81.63,88.28,89.39,31.35,79.97,87.28,66.01,98.84,0.72,4.98,44.41,26.29,78.25,2.44,74.57,43.27,69.1,39.15,13.01,11.29,12.66,28.05,11.83,4.37,21.84,3.33,16.93,14.31,30.85,27.4,61.66,57.69,71.46,62.1,57.22,61.9,63.51,20.36,31.52,5.4,5.06,11.16,6.06,5.92,12.64,11.67,5.31,20.08,16.21,6.9,24.56,0.66,0.31,0.31,1.34,18.67,35,70.66,89.41,86.15,17.03,41.03,72.39,43.41,91.61,18.23,1.22,0.52,2.98,32.05,0.24,16.24
Haryana,Total,18229,21909,3224,73.8,25.29,925.58,892.82,95.11,86.42,99.62,98.59,85.03,59.51,96.1,25.65,7.59,81.67,93.48,49.53,62.15,48.39,72.41,12.46,15.98,1.91,3.87,26.75,21.64,33.34,38.71,73.14,60.53,32.34,0.93,4.95,2.81,18.08,0.4,7.57,3.34,24.92,69.12,85.23,60.39,90.73,51.22,31.95,96.78,91.28,1666.26,3.79,91,94.91,57.46,1.14,94.41,19.45,33.94,11.73,76.89,81.11,94.95,80.55,88.46,89.38,31.95,79.84,87.43,64.91,96.92,2.35,4.94,46.64,26.21,76.12,2.27,73.51,41.61,69.45,43.02,11.94,11.11,11.77,27.49,11.53,4.36,21.45,3.31,15.09,14.54,33.05,28.32,62.62,58.26,70.43,60.57,56.45,60.41,62.26,18.93,29.92,5.35,5.7,11.93,6.37,6.24,13.46,12.31,5.44,21.01,16.56,6.92,25.12,0.77,0.29,0.32,1.44,19.74,36.44,70.89,88.53,87.53,18.83,39.33,73.63,50.4,93.19,18.15,1.62,0.42,2.54,29.08,0.28,16.07
Himachal Pradesh,Urban,914,864,133,92.43,20.73,936.15,842.55,97.89,95.8,98.95,98.37,85,94.69,98.98,37.06,12.25,95.01,91.68,79.78,78.69,78.88,83.7,7.23,Null,1.43,4.48,21.38,Null,Null,Null,75.17,59.31,21.68,2.53,0.87,1.95,31.92,0,9.25,3.69,17.32,-67.17,81.6,77.31,86.67,72.93,44.36,97.8,88.83,9411.09,Null,89.54,93.09,64.23,0.75,90.31,26.15,46.65,19.75,-94.09,-100,-97.69,-95.38,-94.09,-96.4,-30.57,-73.39,-94.09,71.6,-93.56,-5.14,3.55,Null,Null,Null,4.02,-67.3,43.75,Null,Null,-15.08,Null,14.38,27.04,16.16,6.31,24.64,5.38,9.75,6.55,38.31,35.74,60.27,61.24,58.17,51.62,Null,51.02,59.76,8.63,Null,6.76,7.13,15.39,7.92,7.71,18.29,9.53,4.89,22.1,18.04,5.96,29.12,3.44,1.5,0,2.55,46.06,46.87,92.7,90.39,93.78,36.31,21.13,88.81,90.86,96.31,6.01,0,0,1.22,25.37,0.3,30.4
Himachal Pradesh,Rural,9784,9504,1344,79.33,21.96,1056.61,879.91,97.86,93.73,99.54,95.86,81.27,44.45,99.07,34.09,3.37,91.23,95.44,63.78,70.09,45.23,65.07,5.14,4.1,1.69,3.3,21.92,21.28,27.08,30.9,74.07,64.04,40.15,3.45,1.18,1.39,17.29,0.11,7.65,2.64,19.53,57.11,71.17,69.34,90.49,66.43,42.8,98.81,85.95,3138.34,8.2,85.48,87.55,72.72,1.8,86.63,20.27,52.59,17.15,88.51,95.84,98.23,89.31,96.42,95.86,44.23,90.04,96.62,78.06,98.06,1.27,4.85,74.63,19.75,69.53,1.11,77.88,45.28,71.28,69.52,18.47,23.17,19.72,31.34,17.55,6.96,25.62,5.7,14.54,12.69,29.24,29.75,62.11,50.81,54.97,53.61,43.93,53.33,52.31,20.26,22.43,6.34,6.26,13.67,6.61,6.49,14.16,12.2,5.14,22.23,16.21,4.7,23.61,0.47,0.26,0.33,0.84,34.66,39.83,74.1,84.64,93.9,17.71,23.38,82.23,77.77,90.8,8.66,0.7,2.84,1.72,33.44,0.68,32.13
Himachal Pradesh,Total,10698,10368,1477,80.95,21.8,1040.08,875.39,97.86,93.98,99.47,96.19,81.75,51.73,99.05,34.52,4.6,91.73,94.91,65.89,71.31,49.67,67.9,5.4,4.62,1.66,3.44,21.86,20.54,25.63,28.94,74.21,63.42,37.74,3.33,1.14,1.46,19.19,0.1,7.86,2.78,19.27,58.05,72.44,70.31,90.02,67.22,42.99,98.69,86.3,3760.48,7.56,85.98,88.2,71.72,1.68,87.06,20.96,51.37,17.43,89.25,96.37,98.16,90.11,96.11,95.93,42.43,87.85,96.29,77.28,97.47,1.77,4.69,73.68,19.51,67.88,1.45,76.19,45.09,69.85,68.3,18.04,21.56,19,30.84,17.39,6.88,25.5,5.66,13.91,11.82,30.43,30.6,61.87,52.29,55.35,53.35,42.19,53.02,53.2,18.62,22.08,6.4,6.36,13.88,6.79,6.66,14.72,11.88,5.11,22.21,16.46,4.87,24.36,0.88,0.43,0.28,1.09,36.17,40.83,76.56,85.45,93.88,20.17,23.08,83.09,79.5,91.48,8.31,0.61,2.46,1.66,32.31,0.64,31.89
Jammu & Kashmir,Urban,3423,4152,563,75.98,21.13,960.6,978.06,97.82,83.36,99.94,98.33,85.64,95.75,98.96,19.2,4.01,84.32,91.77,65.11,73.84,55.02,79.37,2,9.64,1.22,0.52,4.63,7.52,14.67,15.71,59.24,53.47,21.59,0.37,7.22,7.7,11.59,3.97,6.08,3.17,11.56,71.54,89.99,83.08,94.39,34.02,21.57,97.29,89.42,5680.44,Null,85.59,98.56,87.35,0.63,98.75,54.67,90.99,50.91,82.99,99.78,90.98,82.99,89.96,88.72,36.48,3.98,87.98,85.98,98.84,1.16,3.35,-81.19,-50.52,-76.07,2.87,63.66,54.89,68.13,-44.32,11.87,-15.04,12.29,30.07,17.61,9.55,19.38,10.78,3.65,2.5,33.36,40.83,89.18,65.95,70.06,62.5,44.07,61.41,71.54,28.02,37.93,3.91,3.43,9.2,4.01,2.94,8.05,11.37,2.96,21.16,12.5,2.83,20.1,0.26,0.05,0.09,0.07,17.36,27.3,72.02,65.5,81.31,18.12,48.22,88.5,80.36,85.76,5.87,0.33,1.36,1.81,31.96,0.14,7.66
Jammu & Kashmir,Rural,14663,18885,2524,67.94,25.17,943.88,975.93,94.56,73.85,99.02,89.64,72.26,58.89,97.73,10.15,0.87,74.71,91.42,46.22,66.04,38.9,68.78,5.26,8.22,1.48,1.1,9.72,10.48,16.74,19.36,59.96,52.14,20.93,0.32,5.37,9.45,11.7,3.42,8.4,4.14,10.87,61.47,85.46,80.2,91.08,28.48,14.12,97.31,82.57,4971.43,3.46,80.15,90.52,86.61,3.76,93.98,37.77,74.43,40.24,87.23,95.61,96.41,88.98,93.64,92.63,32,5.67,92.42,81.17,99.23,0.23,6.29,80.72,50.49,74.66,4.14,62.08,55.86,59.93,40.96,12.49,24.49,14,25.89,19.4,9.68,21.45,9.25,5.79,5,27.88,28.18,87.26,58.73,73.53,68.96,44.12,67.51,77.46,39.97,60.05,4.31,2.99,8.56,4.37,2.66,8.01,11.82,3.06,19.56,12.17,2.73,18.54,0.55,0.37,0.91,1.58,15.22,35.97,62.68,78.09,81.66,18.5,60.77,83.52,73.25,69.62,11,1.57,5,4.23,40.62,0.24,9.2
Jammu & Kashmir,Total,18086,23037,3087,70.07,24.12,948.2,976.43,95.32,76.24,99.26,91.89,75.73,69.19,98.08,12.68,1.57,77.27,91.52,51.25,68.21,43.34,71.95,4.46,8.54,1.41,0.97,8.58,9.79,16.26,18.53,59.77,52.49,21.11,0.33,5.86,8.98,11.67,3.57,7.78,3.88,11.06,64.01,86.55,80.9,91.88,29.82,15.93,97.31,84.23,5145.11,3.34,81.47,92.39,86.79,3.03,95.09,41.7,82.14,42.74,86.22,96.53,95.12,87.56,92.76,91.7,33.06,5.27,91.37,82.3,99.14,0.44,5.6,80.78,50.49,74.86,3.85,62.34,55.63,61.97,41.78,12.35,22.2,13.6,26.86,18.98,9.65,20.97,9.61,5.23,4.32,29.33,31.63,87.77,60.7,72.69,67.25,44.11,65.89,76.19,36.7,53.46,4.2,3.11,8.73,4.28,2.73,8.02,11.7,3.03,19.99,12.26,2.76,18.94,0.47,0.28,0.67,1.12,15.81,33.56,65.25,74.59,81.57,18.4,57.31,84.89,75.21,73.38,9.6,1.23,4.01,3.57,38.3,0.21,8.79
Jharkhand,Urban,4301,5145,735,78.68,25.23,988.68,780.67,83.76,56.19,99.02,94.63,75.88,70.97,98.4,41.57,15.15,82.37,94.12,54.4,66.15,57.78,70.84,19.42,10.19,1.56,5.2,33.92,17.65,22.24,27.33,66,51.36,37.26,0.38,2.05,3.1,6.04,0.54,11.24,4.68,27.88,52.84,76.16,48.48,90.77,37.67,22.28,87.73,79.84,2583.76,2.23,80.62,89.08,47.27,4.23,92.55,25.79,47.68,12.38,67.77,74.63,92.98,71.24,79.82,80.95,29.71,65.24,80.58,72.5,89.12,10.88,6.51,55.24,42.21,66.94,1.56,68.37,22.47,61.64,33.51,10.59,-7.31,10.31,26.77,22.97,10.68,29.96,2.78,17.28,12.14,21.59,21.7,66.42,53.61,65.46,61.56,45.47,61.08,63.21,27.07,38.99,5.79,5.57,12.46,6.88,7.89,15.83,13.01,4.66,20.13,16.34,6.53,25.28,0.4,0.11,0.19,0.13,21.65,39.36,76.06,90.74,94.56,18.78,57.37,79.22,65.2,88.22,25.3,2.11,0.45,4.81,37.24,1.97,24.58
Jharkhand,Rural,18562,21350,2679,60.18,33.19,1070.02,925.92,71.35,36.1,92.92,84.12,50.81,19.49,97.42,53.08,7.62,59.34,80.26,26.29,39.39,22.69,53.19,36.09,26.89,2.48,11.19,72.9,30.39,41.13,49.21,60.4,48.94,37.43,0.24,1.6,3.05,3.5,0.53,11.57,4.78,29.48,50.64,66.2,36.42,90.77,26.13,13.19,92.28,66.7,1980.08,3.48,66.06,73.06,58.77,9.28,80.49,10.15,46.06,6.07,75.1,80.06,95.36,77.82,86.68,87.78,32.8,76.43,85.15,70.62,97.96,1.42,7.33,55.7,26.44,58.32,2.2,58.18,21.25,78.62,39.88,9.9,18.62,10.47,42.25,22.29,8.8,41.36,2.82,29.16,18.86,8.61,12.75,56.18,43.99,67.91,67.01,59.19,66.66,66.51,30.45,39.85,5.24,3.74,9.46,6.92,5.85,13.43,10.47,5.08,17.03,14.62,5.96,21.63,0.49,0.11,0.21,0.46,11.17,28.12,62.49,76.83,89.84,17.74,66.47,79.75,43.67,70.83,33.42,3.35,1.51,9.58,51.01,7.42,38.68
Jharkhand,Total,22863,26495,3414,64.5,31.33,1050.46,899.38,73.48,40.35,94.34,86.57,56.65,31.89,97.66,50.31,9.04,65.01,84,33.22,46.6,31.44,57.95,32.21,22.69,2.26,9.8,63.68,28.21,37.88,45.44,61.68,49.49,37.39,0.27,1.7,3.06,4.08,0.54,11.49,4.76,29.08,51.05,68.02,38.62,90.77,28.23,14.85,91.46,69.1,2069.2,3.37,68.71,75.76,56.83,8.43,82.53,12.79,46.66,6.96,73.91,79.18,94.97,76.75,85.57,86.67,32.29,74.6,84.4,70.93,96.54,2.94,7.19,55.63,28.88,59.65,2.09,59.8,21.45,76.06,38.78,10.01,16.33,10.45,39.58,22.41,9.12,39.4,2.81,26.2,17.08,11.85,15.12,58.72,46.54,67.45,65.67,56.81,65.3,65.75,29.55,39.65,5.37,4.19,10.19,6.91,6.39,14.07,11.09,4.97,17.78,15.08,6.11,22.6,0.46,0.11,0.2,0.37,13.78,31.15,65.87,80.59,90.95,18,64.2,79.62,49.03,74.89,31.47,3.06,1.28,8.42,47.39,6.09,34.96
Karnataka,Urban,7727,8962,1308,81.96,22.41,1033.73,1062.59,98.75,88.68,99.26,97.26,84.39,94.51,97.74,28.23,18.92,85.09,90.48,62.3,64.79,50.11,71.46,16.12,4.48,1.5,3.42,27.47,15.07,21.39,24.51,69.63,68.82,55.21,0.01,3.42,2.1,6.02,0.65,7.28,4.24,36.6,79.69,73.65,71.23,94.9,50.67,31.53,96.75,87.37,5042.17,-2.45,86.35,98.34,55.96,1.05,96.15,35.21,52.33,23.3,79.97,88.32,96.59,82.51,91.33,88.97,34.43,7.62,86.62,86.65,81.91,17.95,4.6,79.05,47.21,74.4,1.16,60.84,51.79,56.71,50.39,8.97,19.64,11.44,32.16,18.52,8.61,29.43,3.76,12.94,11.48,37.05,39.42,46.8,41.21,62.81,44.12,37.33,43.91,48.02,17.34,26.42,6.37,8.04,16.15,7.73,8.63,18,16.25,6.05,27.43,18.46,6.82,29.24,0.56,0.43,0.48,0.26,29.96,28.03,84.18,88.63,86.2,30.48,64.47,90.2,74.2,90.9,44.54,4.87,10.85,4.58,21.47,0.88,15.27
Karnataka,Rural,18847,21493,3208,67.02,23.23,1034.5,931.24,96.79,85.52,99.03,94.07,68.5,69.33,89.37,28.02,16.32,70.95,87.03,41.97,50.64,24.76,55.57,24.66,7.17,1.79,6.62,47.35,16.24,27.79,32.51,68.15,67.73,58.88,0.02,2.51,2.14,2.85,0.41,5.9,3.44,35.23,68.67,69.26,70.61,92.82,40.92,23.68,98.16,87.42,4910.67,15.33,84.92,96.15,69.97,1.96,92.46,29.36,52.75,22.21,86.49,88.34,97.47,90.5,92.49,92.54,32.86,4.87,90.13,85.98,97.36,2.02,5.63,67.49,44.66,72.91,1.73,67.79,47.51,62.95,43.6,12.13,19.37,13.65,37.22,20.06,8.28,34.85,2.86,19.93,16.23,25.59,25.04,43.93,37.38,67.11,50.25,50.62,50.26,50.19,21.17,26.49,5.33,6.06,12.58,5.97,7,14.06,13.83,6.23,23.43,16.46,6.62,25.46,0.5,0.3,0.44,0.38,20.75,25.55,76.09,87.25,80.52,41.36,69.65,87.68,53.42,79.82,44.38,6.4,11.15,11.1,30.76,0.97,17.35
Karnataka,Total,26574,30455,4516,72.95,22.9,1034.2,978.32,97.52,86.61,99.12,95.33,74.78,79.73,92.83,28.11,17.26,76.69,88.47,50.22,56.54,34.98,62.4,21.25,6.12,1.67,5.4,39.56,15.81,25.4,29.51,68.74,68.16,57.43,0.02,2.87,2.13,4.11,0.5,6.45,3.76,35.77,72.94,70.95,70.85,93.62,44.67,26.7,97.62,87.4,4953.92,12.33,85.47,96.96,64.76,1.62,93.83,31.54,52.54,22.56,84.08,88.33,97.15,87.55,92.06,91.22,33.44,5.89,88.83,86.24,91.65,7.9,5.25,71.27,45.49,73.4,1.52,65.65,49.1,60.95,45.84,10.98,19.48,12.83,35.43,19.52,8.4,32.94,3.18,17.15,14.31,30.14,30.85,45.07,38.93,65.52,47.83,45.73,47.76,49.39,19.63,26.46,5.73,6.83,13.95,6.64,7.61,15.55,14.76,6.16,24.97,17.22,6.69,26.88,0.53,0.35,0.46,0.33,24.46,26.58,79.35,87.83,82.7,36.98,67.57,88.69,61.79,84.15,44.44,5.82,11.03,8.53,27.06,0.94,16.52
Kerala,Urban,5047,4564,572,96.98,20.67,1137.94,983.2,99.5,97.98,99.9,96.38,98.95,78.49,99.55,47.18,33.12,99.13,99.17,78.78,76.83,64.91,78.31,4.1,0,1.82,1.76,14.78,2.62,3.52,3.87,61.42,50.64,43.58,0.04,1.6,0.45,3.98,0,13.01,7.23,13.67,62.22,93.91,79.32,94.73,80.53,66.19,89.85,93.09,6602.48,Null,90.36,99.73,30.23,0.13,99.94,39.07,39.36,38.75,77.61,83.26,98.24,85.81,86.11,86.41,16.88,10,85.33,85.28,83.88,16.12,4.19,-65.92,-35.44,-90.02,1.94,85.66,66.8,50.33,73.1,22.15,-14.34,21.5,20.05,16.02,7.03,19.44,3.78,9.74,6.9,40.41,40.05,71.11,57.15,38.92,37.01,35.44,36.95,33.55,19.53,23.97,8.18,13.02,24.83,10.07,14.05,27.41,15.44,6.2,30.74,19.05,6.03,32.62,3.8,2.8,0.78,0,35.5,44.2,73.47,82.15,93.58,25.75,25.34,78.85,86.2,94.85,9.88,0.49,1.8,1.3,13.96,0.18,18.67
Kerala,Rural,7283,6405,901,94.11,20.52,1105.04,921.88,98.48,96.91,99.34,93.58,98.48,66.3,99.15,55.41,25.61,97.47,97.39,75.29,70.18,57.54,74.23,8.22,2.53,1.76,3.04,20.72,4.17,5.24,6.39,60.06,54.84,49.42,0.06,1.49,0.28,2.91,0.03,11.96,6.79,16.09,62.09,93.33,77.99,95.67,79.46,67.69,92.48,93.39,6789.03,Null,92.02,99.78,37.68,0.18,99.96,38.71,40.44,36.09,78.03,87.13,96.98,82.46,84.32,90.13,14.17,9.08,80.92,83.01,90.42,8.67,4.32,56.8,10.62,84.11,2.83,86.72,66.59,59.48,69.45,24.97,-30,25.38,26.42,15.52,4.64,19.88,4.2,10.39,12.74,36.03,33.17,70.22,56.51,39.83,36.06,27.14,35.78,31.57,16.35,30.65,8.36,13.1,24.81,9.59,13.64,26.67,15.49,6.97,31.01,19.3,7.33,32.89,3.15,2,0.59,0.88,34.22,46.38,74.65,86.52,94.61,25.79,29.18,78.22,86.9,91.39,9.93,0.5,1.34,2.97,19.57,0.3,20.98
Kerala,Total,12330,10969,1473,95.5,20.59,1120.66,950.9,98.96,97.41,99.61,94.92,98.71,72.07,99.34,51.51,29.04,98.27,98.21,76.97,73.25,61.11,76.05,6.29,1.41,1.79,2.42,17.83,3.43,4.42,5.19,60.72,52.82,46.62,0.05,1.54,0.36,3.42,0.02,12.47,7,14.96,62.15,93.61,78.62,95.22,79.97,66.98,91.25,93.25,6710.02,Null,91.23,99.76,34.1,0.16,99.95,38.88,39.89,37.22,77.83,85.22,97.59,84.06,85.18,88.34,15.47,9.52,83.04,84.11,87.26,12.28,4.26,61.12,22.36,86.91,2.4,86.23,66.69,55.48,71.29,23.58,22.2,23.47,23.41,15.75,5.77,19.67,4,10.08,10.04,38.12,36.35,70.65,56.81,39.4,36.51,31.42,36.34,32.53,17.8,27.42,8.28,13.06,24.82,9.82,13.83,27.02,15.47,6.61,30.88,19.18,6.72,32.76,3.46,2.38,0.68,0.47,34.84,45.38,74.08,84.51,94.1,25.77,27.32,78.53,86.56,93.04,9.9,0.49,1.56,2.17,16.9,0.24,19.88
Ladakh,Urban,408,515,72,68.71,22.86,993.96,896.61,100,-82.93,99.13,97.24,74.66,97.15,99.32,26.72,Null,77.65,91.87,53.79,64.1,66.52,-82.94,0,Null,1.39,0,0,Null,Null,Null,50.58,46.01,16.55,0.29,8.06,5.26,8.15,6.18,11.52,5.03,11.77,68.81,84.53,78.18,95.6,13.83,7.05,99.17,80.13,3910.88,Null,82.92,99.08,98.38,0.92,100,47.68,Null,47.75,Null,Null,Null,Null,Null,Null,Null,Null,Null,94.15,Null,Null,13.74,Null,Null,Null,10.45,-53.11,Null,Null,Null,Null,Null,-25.34,28.18,14.75,5.84,16.96,17.01,3.73,2.65,28.48,43.4,88.64,63.28,84.05,90.96,-67.52,89.45,92.35,72.39,Null,3.44,1.72,6.42,3.31,0.8,5.4,8.24,1.56,13.48,8.51,1.47,14.5,0.44,0,0,-0.01,15.62,54.4,80.06,87.79,-81.2,28.55,69,87.21,80.84,90.86,-11.68,-0.01,-6.06,3.47,39.82,5.31,21.06
Ladakh,Rural,1410,1840,235,67.77,22.78,965.85,1193.42,98.17,72.43,99.54,86.69,34.78,71.31,98.71,12.1,0,76.6,94.17,49.16,74.76,53.98,64.25,3.13,-21.9,1.29,0,2.35,-12.07,-17.43,-27.42,51.52,48.49,16.77,0.39,7.86,6.93,9.14,6.14,7.04,3.79,12.35,57.28,86.06,78.47,93.88,14.47,7.34,97.4,79.47,3778.99,Null,75.1,94.02,93.74,2.62,96.17,34.97,Null,37,91.88,100,100,91.88,94.75,94.75,41.61,9.93,94.75,85.18,100,0,7.14,-88.93,-53.07,-79.62,3.98,58.77,57.56,-66.62,Null,19.93,Null,23.64,31.14,18.21,10.01,21.24,12.36,4.51,2,28.19,36.36,85.79,60.2,95.05,94.3,80.84,93.53,97.82,76.41,-95.81,3.98,1.78,6.75,4.66,2.9,8.94,10.85,1.7,16.26,11.87,2.5,18.11,0.24,0.21,0.21,0,26.37,23.65,72.41,78.68,80.27,28.25,72.95,88.65,81.22,75.23,19,1.21,9.03,3.08,34.77,3.39,24.16
Ladakh,Total,1818,2355,307,67.95,22.79,971.07,1124.94,98.55,74.93,99.46,88.68,42.32,76.26,98.83,14.9,0.69,76.8,93.73,50.04,72.71,56.39,67.8,2.46,-20.18,1.31,0,1.9,11.36,20.01,29.54,51.34,48.02,16.73,0.38,7.9,6.61,8.96,6.15,7.89,4.03,12.24,59.42,85.75,78.41,94.23,14.34,7.28,97.76,79.61,3807.37,Null,76.7,95.06,94.7,2.27,96.97,37.59,Null,39.31,88.22,100,99.06,88.22,95.02,92.86,43.15,10.62,94.08,87.12,100,0,8.5,-78.32,-54.47,-75.03,5.31,57.33,57.9,70.92,Null,20.65,Null,23.98,30.53,17.46,9.1,20.36,13.36,4.36,2.13,28.25,37.75,86.33,60.81,92.46,93.67,78.07,92.76,96.92,75.62,-93.06,3.88,1.77,6.69,4.41,2.5,8.27,10.35,1.67,15.74,11.23,2.31,17.43,0.28,0.17,0.17,0,24.31,29.55,73.88,80.43,80.42,28.31,72.19,88.38,81.15,78.21,18.11,1.06,8.67,3.16,35.71,3.76,23.58
Lakshadweep,Urban,724,954,97,91.93,21.7,1192.9,963.55,100,98.36,99.72,94.62,99.74,68.48,95.79,58.4,37.42,96.4,100,68.24,84.92,61.79,81.45,1.91,Null,1.38,0,2.4,Null,Null,Null,51.82,31.02,21.42,0,1.25,1.38,4.66,0,13.6,8.92,15.33,-88.8,99.46,86.18,99.5,83.63,62.19,90.69,90.7,3054.25,Null,91.41,99.48,56.25,0.52,100,30.65,36.12,26.73,-86.97,-92.99,-93.86,-86.97,-93.86,-93.86,-12.38,-13.06,-90.82,44.7,-100,-0.01,0.96,Null,Null,Null,1.89,Null,77.21,-77.33,Null,-23.37,Null,-21.82,30.74,18.53,8.69,28.45,10.03,6.72,2.41,34.23,41.95,69.07,57.39,45.54,26.54,-22.3,26.42,31.22,3.49,Null,8.91,9.44,19.88,11.1,8.95,22.91,14.43,7.24,26.47,17.54,5.37,25.86,1.8,0.52,0.33,0,50.16,60.62,75.69,96.56,91.85,10.38,31.09,66.88,85.08,97.66,1.02,0,1.02,16.6,25.9,0.28,0.44
Lakshadweep,Rural,197,280,38,96.9,24.6,1166.15,-1360.9,100,Null,100,86.69,100,24.7,100,66.71,Null,96.82,-96.32,66.28,-69.41,-36.01,-76.98,-0.01,Null,1.6,-5.09,0,Null,Null,Null,55.41,27.1,18.11,0,0,0.33,2.17,0,7.62,4.89,12.97,Null,100,94.16,98.98,70.43,60.23,41.57,97.77,1769.4,Null,100,100,91.97,0,100,33.24,Null,30.71,Null,Null,Null,Null,Null,Null,Null,Null,Null,-45.02,Null,Null,6.16,Null,Null,Null,0,Null,-74,Null,Null,Null,Null,Null,35.59,14.17,8.87,28.45,11.75,12.41,-14.11,31.04,-39.35,66.18,-43.95,36.05,24.05,Null,23.74,-31.87,-11.42,Null,6.47,11.61,18.26,6.98,5.27,12.98,11.76,3.49,18.4,13.42,4.08,20.73,1.1,0.45,0,Null,-34.76,-79.64,-71.96,-94.29,Null,-12.94,-29.41,-66.96,-80.09,100,Null,Null,Null,21.09,37.77,0.39,0.46
Lakshadweep,Total,921,1234,135,92.98,22.34,1187,1050.75,100,96.55,99.78,92.88,99.8,59.43,96.66,60.11,32.02,96.5,99.05,67.79,80.92,56.35,80.3,1.32,Null,1.42,1.13,1.81,-0.01,-0.01,-0.01,52.62,30.14,20.68,0,0.97,1.15,4.1,0,12.26,8.02,14.79,-85.04,99.6,88.31,99.36,80.11,61.67,77.82,92.58,2533.27,Null,93.7,99.61,65.27,0.39,100,31.3,37.66,28.15,-86.14,-91.67,-94.2,-86.14,-90.98,-90.98,-11.67,-12.69,-88.85,44.79,-100,-0.01,2.27,Null,Null,Null,1.41,Null,76.3,-67,Null,20.24,Null,18.95,32.02,17.35,8.74,25.78,10.49,7.98,5.48,33.52,41.27,68.43,53.86,43.08,25.98,-20.9,25.8,31.36,5.57,Null,8.4,9.89,19.54,10.18,8.14,20.71,13.88,6.47,24.81,16.64,5.09,24.74,1.66,0.51,0.27,0,46.9,65.53,74.9,95.98,92.2,10.92,30.73,66.9,84.03,98.27,1.33,0,0.82,17.53,28.49,0.3,0.44
Madhya Pradesh,Urban,9004,10204,1467,80.51,23.85,953.06,947.87,95.49,85.1,99.43,97.87,81.15,84.28,97.54,41.41,15.24,83.32,92.34,49.06,53.12,46.47,72.71,12.98,15.75,1.61,2.49,18.69,24.03,33.87,38.24,71.38,63.81,41.47,0.82,1.39,2.57,15.78,0.59,8.42,3.86,26.91,77.18,78.44,63.33,96.37,58.59,36.64,94.5,87.64,1969.33,11.35,88.97,95.76,71.87,1.22,92.51,23.26,51.42,15.28,76.52,83.5,95.25,80.95,89.25,89.11,32.67,73.48,86.19,78.43,95.11,4.38,7.22,67.55,36.9,68.55,3.21,69.55,36.2,68.84,42.72,11.15,7.7,10.62,30.07,19.87,7.02,28.6,1.84,17.07,17.73,25.98,25.65,42.03,39.75,72.48,51.69,45.08,51.5,57.4,21,31.01,5.37,4.86,11.17,6.15,5.85,13.08,13.9,5.21,22.5,17.85,5.92,25.92,1.1,0.79,0.93,0.93,26.68,29.69,75.25,84.17,91.72,23.21,35.8,78.51,58.8,81.9,26.42,2.8,0.53,6.48,35.34,0.47,13.23
Madhya Pradesh,Rural,34548,38206,5558,62.64,27.52,976.16,958.54,93.67,70.47,98.04,85.7,59.21,23.55,94.43,36.8,9.01,63.3,82.62,21.71,34.97,20.08,49.34,26.55,35.05,2.12,5.92,43.3,30.44,43.47,52.47,71.86,66.11,55.66,0.7,0.92,1.69,5.33,0.3,7.41,3.84,28.66,67.91,74.36,55.57,94.52,49.05,30.26,97.35,82.16,1523.09,9.15,82.28,89.23,82.64,2.85,88.36,8.84,53.17,6.46,77.26,83.19,95.43,81.51,86.86,87.68,35.88,70.12,84.7,77.94,99.31,0.28,6.21,64.36,35.09,64.64,2.48,62.38,42.79,75.18,38.51,8.86,7.64,8.72,37.25,18.69,6.32,34.24,2.09,25.16,21.84,13.04,12.09,39.87,38.84,72.7,55.86,54.91,55.82,58.33,22.92,30.27,5.24,3.58,9.37,6.7,4.59,11.9,12.93,5.2,19.86,15.34,5.1,21.5,0.69,0.4,0.64,0.84,15.96,25.02,61.51,76.39,84.13,28,41.27,73.34,31.44,53.41,28.68,2.1,1.22,11.63,50.75,1.21,18.63
Madhya Pradesh,Total,43552,48410,7025,67.45,26.54,969.93,956.1,94.08,74.25,98.41,88.95,65.07,40.05,95.27,38.05,10.49,68.85,85.27,29.29,39.93,26.91,55.72,23.11,30.12,1.99,5.08,37.33,28.99,41.29,49.2,71.73,65.5,51.91,0.73,1.05,1.93,8.09,0.37,7.68,3.85,28.16,69.89,75.36,57.47,94.97,51.39,31.83,96.65,83.5,1619.02,9.37,83.92,90.7,80.22,2.48,89.29,12.09,52.27,8.24,77.1,83.26,95.39,81.39,87.38,87.99,35.17,70.86,85.03,78.05,98.39,1.18,6.44,65.17,35.55,65.64,2.64,64.34,41.29,73.96,39.5,9.36,7.66,9.15,35.67,18.95,6.47,33,2.03,22.95,20.78,16.58,15.57,40.46,39.07,72.65,54.73,52.85,54.66,58.11,22.43,30.45,5.27,3.91,9.84,6.56,4.92,12.21,13.19,5.2,20.56,15.99,5.31,22.65,0.81,0.52,0.73,0.87,18.73,26.29,65.07,78.51,86.04,26.76,39.86,74.68,38.52,60.51,28.13,2.27,1.04,10.23,46.45,1,17.12
Maharastra,Urban,10294,11197,1730,87.17,21.88,954.08,877.76,96.51,92.88,99.05,99.3,75.06,95.62,98.33,20.11,29.92,90.17,94.59,61.13,68.28,54.34,76.77,15.66,9.64,1.5,3.87,28.57,15.13,22.58,28.22,65.76,62.67,43.98,0.09,2.22,1.94,14.09,0.17,9.91,3.96,21.67,51.21,69.53,72.22,91.15,51.39,33.56,93.82,87.29,3389.84,5.56,91.21,96.72,50.83,1.11,95.92,30.58,40.91,23.22,71.74,81.6,91.97,76.39,81.46,82.68,22.45,7.2,74.27,72.35,82.17,17.31,6.56,64.27,25.7,73.85,2.37,81.23,51.79,66.94,49.89,8.45,11.84,9.17,34.9,23.02,9.49,33.29,5.22,15.8,15.29,29.58,28.86,51.52,43.23,66.33,52.26,44.22,52.04,56.38,17.42,19.02,6.23,6.5,14.57,7.02,6.8,15.27,14.11,4.36,23.83,16.76,4.97,25.66,2.53,1.59,1.67,0.53,39.23,50.74,76.29,89.64,90.7,29.12,21.07,74.97,68.15,90.23,21.04,2.54,4.51,6.63,26.19,0.34,13.02
Maharastra,Rural,21349,22558,3767,73.14,23.57,977.08,941.17,96.08,87.63,96.74,88.48,69.39,65.36,94.24,19.85,27.32,79.51,91.48,40.72,54.27,23.71,47.2,27.57,11.32,1.89,10.62,62.95,17.6,23.71,27.88,66.52,64.67,53.32,0.62,1.62,1.74,7.05,0.16,9.27,3.76,22.1,52.78,71.96,68.68,89.29,45.66,28.8,96.75,83.8,2675.49,7.22,87.36,93.12,59.52,2.62,92.22,21.5,37.28,15.08,74.71,81.72,95.1,80.86,84.84,86.17,29.05,8.88,76.59,72.02,94.64,4.79,10.67,57.34,28.07,71.6,3.78,75.14,54.27,74.1,54.75,8.36,12.12,8.95,35.46,27.33,11.91,38.01,3.36,24.95,16.86,18.29,21.34,38.56,38.7,70.68,56.42,46.54,56.06,57.73,25.4,34.18,5.24,4.48,10.69,6.18,5.19,12.43,13.38,5.53,22.6,15.44,5.5,23.5,2.14,1.04,0.93,0.58,30.11,35.05,68.48,79.78,89.15,39.6,24.5,70.91,43.07,80.11,28.62,3.97,7.63,14.67,40.57,0.52,14.73
Maharastra,Total,31643,33755,5497,79.61,22.79,966.4,913.37,96.27,89.69,97.81,93.49,72.02,79.72,96.17,19.97,28.42,84.58,92.97,50.44,61,38.04,61.49,21.89,10.51,1.71,7.59,47.25,16.53,23.22,28.03,66.17,63.77,49.09,0.38,1.89,1.83,10.24,0.16,9.56,3.85,21.88,52.14,70.88,70.26,90.12,48.22,30.92,95.45,85.36,2966.19,6.75,89.08,94.67,55.77,1.97,93.81,25.41,39.13,18.27,73.46,81.67,93.78,78.98,83.42,84.7,26.28,8.17,75.61,72.16,89.49,9.95,8.91,59.54,27.32,72.31,3.17,77.47,53.21,71.02,52.74,8.4,11.99,9.04,35.24,25.6,10.94,36.12,4.1,20.78,16.16,23.43,24.66,44.46,40.7,68.9,54.53,45.65,54.24,57.15,21.86,27.94,5.67,5.35,12.37,6.54,5.87,13.63,13.69,5.02,23.14,16,5.28,24.41,2.33,1.31,1.29,0.55,34.37,42.59,72.13,84.52,89.82,34.7,22.89,72.81,54.8,84.8,25.22,3.32,6.23,10.94,33.8,0.43,13.93
Manipur,Urban,2008,2223,349,88.38,25.52,1077.31,1010.2,88.23,42.53,99.06,90.39,60.61,86.38,99.18,12.26,31.27,92.05,96.89,60.04,66.87,50.77,81.45,14.15,11.87,1.84,7.59,43.01,5.73,12.18,17.1,61.51,19.26,4.44,0.03,5.45,2.99,6.12,0.06,12.72,5.32,7.03,45.08,84.02,88.8,91.81,63.02,35.98,74.9,86.15,16197.02,0,82.56,92.45,64.45,3.05,95.58,38.02,57.78,33.89,75.13,79.62,95.24,80.65,87.81,83.74,18.08,9.59,87.47,48.66,88.62,11.38,5.52,-66.69,-28.16,-45.91,2.35,44.81,48.9,65.65,-83.53,19.59,Null,20.04,20.1,9.79,2.61,12.89,2.93,6.11,7.58,38.95,33.38,69.72,53.41,43.95,30.46,31.65,30.5,30.41,5.27,-8.49,6.89,7.43,16.01,7.33,10.62,19.21,15.89,5.4,25.99,22.72,10.27,37.53,2.48,2.19,1.96,1.11,54.79,61.64,91.26,94.13,94.42,39.51,57.63,78.6,77.77,88.58,34.98,1.61,0.97,37.74,51.42,0.98,34.64
Manipur,Rural,5873,5819,813,81.18,29.47,1059.84,946.99,87.05,41.76,97.48,68.91,67.45,60.69,99.32,15.31,21.76,84.84,94.03,40.6,52.74,40.39,68.17,17.61,17.77,2.38,9.07,42.65,22.71,31.1,36.2,61.15,17.53,3.23,0.05,4.54,5.19,3.98,0.19,11.95,4.39,5.21,45.48,77.73,74.48,87.44,46.8,27.38,71.9,66.83,13563.63,0.59,63.88,73.89,56.93,7.09,80.83,19.65,49.64,19.73,65.91,73.88,95.49,73.29,78.4,73.29,14.08,5.47,76.48,43.03,94,2.92,5.61,71.21,25.12,49.23,1.45,39.27,55.98,73.41,77.43,19.14,21.39,19.39,25.07,10.01,3.8,13.53,3.55,7.93,8.31,30.98,27.91,63.13,45.18,42.2,28.58,32.69,28.79,26.67,6.51,7.39,5.68,5.51,12.06,6.81,6.75,14.74,12.06,6.13,21.11,19.61,8.62,30.44,1.92,1.14,0.31,0.61,47.47,51.58,85.18,94.41,95,44.03,58.93,70.71,68.19,79.84,42.76,3.76,8.38,46.56,62.4,0.84,39.24
Manipur,Total,7881,8042,1162,83.96,27.97,1066.43,967.24,87.44,42.06,98.08,77.06,64.85,70.43,99.27,14.15,25.03,87.62,95.24,48.08,58.74,44.76,73.87,16.32,15.34,2.17,8.57,42.77,17.23,24.99,30.03,61.29,18.17,3.68,0.04,4.88,4.37,4.78,0.14,12.23,4.74,5.95,45.35,79.88,79.36,88.93,52.34,30.31,72.93,73.42,14518.2,0.51,70.25,79.89,59.36,5.78,85.59,25.59,53.23,24.7,68.83,75.72,95.41,75.61,81.38,76.59,15.34,6.77,79.96,44.87,92.29,5.62,5.58,69.75,26.1,48.16,1.75,41.17,53.69,70.69,78.9,19.28,22.43,19.59,23.43,9.94,3.41,13.32,3.35,7.23,8,34.06,30.25,65.67,48.7,42.77,29.3,32.37,29.44,27.92,5.97,7.84,6.15,6.26,13.6,7.01,8.25,16.47,13.55,5.85,23.01,20.82,9.26,33.19,2.14,1.56,0.98,0.82,50.56,55.85,87.75,94.29,94.77,42.12,58.38,74.03,72.23,82.94,39.63,2.91,5.41,43.1,58.12,0.89,37.45
Meghalaya,Urban,1186,1598,196,94.71,29.68,1118.09,915.39,87.5,60.91,97.25,93.58,81.3,76.73,97.52,52.81,36.31,97.05,92.9,61.38,63.94,57.77,59.15,9.08,-4.82,1.57,3.16,18.28,-14.16,-23.38,23.38,25.86,21,7.11,0,2.94,5.96,3.94,0.71,21.86,13.26,18.69,61.37,63.19,67.5,84.76,47.47,28.69,87.49,54.8,3352.53,0,59.06,82.69,57.36,2.16,82.37,21.63,50.97,15.2,58.26,75.97,93.06,63.47,69.63,70.41,12.17,5.51,55.99,69.26,78.31,16.97,11.79,60.86,42.16,69.06,5.76,66.58,70.76,-64.52,Null,37.47,-43.69,39.48,35.06,12.98,4.62,22.16,4.19,10.18,8.61,17.85,30.15,55.7,28.51,38.8,52.42,40.16,51.78,44.6,16.1,-7.43,2.96,4.78,10.29,6.56,7.55,15.99,13.62,4.92,24.63,17.82,5.76,28.49,0.6,1.31,0.37,2.34,23.84,32.46,60.62,70.56,93.27,43.1,47.77,77.99,78.24,85.02,23.2,2.48,7.9,27.2,47,0.97,28.45
Meghalaya,Rural,8962,11491,1628,83.35,39.21,1020.32,1000.87,81.21,52.84,90.61,75.57,83.28,21.72,88.66,66.48,30.31,85.53,81.52,27.34,27.69,27.95,38.53,19.12,20.84,3.31,8.39,57.86,20.63,33.63,42.62,27.75,22.85,5.19,0,4.71,8.87,2.43,1.23,28.15,19.52,30.43,68.36,52.32,49.57,81.63,42.34,19.21,94.34,42.04,3189.71,1.64,42.45,54.28,47.85,7.27,61.18,6.09,34.61,8.08,64.68,80.47,88.65,69.29,73.68,72.81,14.47,3.89,67.26,59.73,96.09,1.33,10.21,75.47,40.2,69.2,4.65,74.03,79.93,39.17,66.18,27.99,30.09,28.43,48.21,11.97,4.72,27.29,4,11.02,9.08,9.73,10.6,61.92,23.96,46.02,54.94,45.93,54.32,54.55,27.35,34.97,5.5,2.54,9.26,8.99,3.5,13.38,8.99,3.58,17.14,13.34,3.35,19.85,0.63,0.23,0.44,0.89,11.76,11.88,52.23,60.83,91.98,39.11,70.11,68.22,64.29,59.07,14.21,1.41,6.43,28.52,60.64,1.63,33.45
Meghalaya,Total,10148,13089,1824,85.85,37.3,1039.23,988.9,82.08,54.38,91.94,79.18,82.88,33.68,90.59,63.51,31.23,88.17,83.72,35.13,34.7,34.72,42.11,16.89,17.93,2.91,7.22,48.8,19.77,32.26,39.96,27.39,22.49,5.56,0,4.37,8.31,2.72,1.13,26.94,18.31,27.42,67.24,53.93,52.21,82.09,43.09,20.6,93.3,43.92,3218.64,1.56,44.9,58.06,49.11,6.59,63.99,8.16,40.76,9.18,63.8,79.95,89.25,68.5,73.13,72.48,14.16,4.11,65.72,60.96,93.58,3.54,10.42,73.24,40.5,69.18,4.8,72.89,78.76,42.72,66.8,28.98,32.47,29.75,46.54,12.1,4.71,26.64,4.02,10.84,9,11.48,13.87,60.59,24.71,45.07,54.41,44.98,53.79,52.54,25.5,30.11,4.97,3,9.48,8.56,4.21,13.85,9.97,3.86,18.72,14.15,3.79,21.41,0.62,0.5,0.42,1.18,14.5,15.86,54.13,62.71,92.25,40.02,65.04,70.44,67.45,64.87,16,1.63,6.72,28.21,57.68,1.47,32.37
Mizoram,Urban,3082,3229,479,97.59,24.68,1042.65,907.08,99.38,90.39,99.56,98.42,97.06,97.85,99.08,41.23,6.9,99.14,99.24,62.33,59.08,83.75,92.72,3.22,8.85,1.63,2.11,9.34,14.42,20.64,21.84,29.13,28.6,13.65,0,2.37,10.94,1.53,0,21.36,14.15,11.83,48.41,81.03,70.31,84.64,64.97,13.64,95.99,75.88,8839.65,Null,39.68,98.83,79.75,0.32,99.1,16.79,30.65,13.72,69.59,82.23,81.47,73.94,81.56,79.91,34.98,14.37,74.62,69.76,94.76,5.24,4.81,-59.9,-25.96,-49.76,0.92,56.83,61.51,74.29,-63.56,16.17,-13.86,15.86,25.51,8.26,3.55,9.3,12.12,4.18,2.63,29.74,38.26,47.8,30.14,42.78,30.77,31.88,30.81,30.33,13.33,23.84,6.89,6.65,14.96,7.34,6.68,16.4,12.31,3.3,20.99,17.01,6.39,28.73,9.4,3.62,1.38,0.16,70.82,66.61,95.72,98.61,99.63,29.4,14.52,85.43,91.83,93.55,11.33,0.88,1.37,56.59,69.52,0.99,22.76
Mizoram,Rural,4175,4050,626,87.46,30.54,988,1037.51,99.43,85.18,96.43,92.58,93.19,66.4,98.93,52.79,3.16,87.67,94.22,32.7,35.85,47.98,63.88,14,14.97,2.19,6.91,41.5,8.39,21.98,26.2,33.52,33.18,12.32,0,3.21,15.19,2.29,0.17,16.08,11.37,18.47,67.5,63.89,45,75.05,58.62,7.27,96.28,59.6,4900.9,1.21,33.89,72.46,67.72,6.67,76.04,4.78,29.4,5,75.18,85.07,85.21,78.21,79.96,81.85,17.4,0.64,78.05,61.45,98.7,0,3.73,-86.51,-34.86,-37.71,0.24,45.83,58.55,62.15,46.62,8.33,22.34,10.78,31.9,11.17,6.13,15.76,8.14,6.76,7.99,16.92,24.23,47.3,25.59,49.55,40.08,35.92,39.88,40.84,18.31,18.91,6.91,4.6,12.33,8.27,5.21,14.34,8.68,2.97,13.49,15.16,4.23,21.11,3.27,1.29,0.26,2.37,56,64.33,86.03,90.52,98.02,29,28.36,74.97,70.64,84.6,10.31,0.39,2.67,68.52,77.43,0.82,25.19
Mizoram,Total,7257,7279,1105,93.22,27.3,1017.87,969.41,99.41,88.44,98.16,95.81,95.33,83.77,99.02,46.4,4.96,94.35,97.07,49.95,49.05,67.58,79.74,7.95,10.98,1.87,4.06,22.43,11.44,21.3,24.04,31.2,30.76,13.02,0,2.77,12.94,1.89,0.08,18.88,12.84,14.46,58.36,72.7,58.01,79.98,61.88,10.54,96.13,67.97,7007.88,2.03,36.87,85.77,73.8,3.46,87.68,10.84,30.4,9.75,72.52,83.74,83.43,76.17,80.72,80.92,25.78,7.18,76.41,65.69,96.87,2.44,4.27,71.38,29.8,44.56,0.58,52.99,60.08,67.88,56.85,12.49,18.5,13.42,28.86,9.78,4.9,12.66,10.04,5.29,5.07,24.22,31.88,47.58,28.07,46.39,34.8,34,34.77,34.92,15.62,21.51,6.9,5.74,13.8,7.77,5.99,15.44,10.71,3.15,17.69,16.16,5.39,25.2,6.87,2.66,0.92,1.17,64.12,65.63,91.34,95.12,98.84,29.22,20.77,80.7,82.25,89.77,10.85,0.65,1.97,61.58,72.94,0.92,23.81
Nagaland,Urban,2425,2575,404,92.08,22.09,979.96,949.33,79.91,59.33,99.63,93.52,82.18,81.06,99.28,14.98,5.48,91.52,97.73,63.73,75.64,66.54,80.98,2.43,8.68,1.21,2.54,10.21,8.4,16.98,22.47,60.96,48.49,13.59,0,20.07,9.13,4.23,0.18,9.25,4.27,8.93,55.32,64.46,39.87,89.26,16.49,6.69,91.84,62.91,7035.21,0.56,59.21,65.01,41.45,11.62,75.36,9.81,19.67,12.5,68.9,77.01,88.79,72,80.55,83.63,25.21,11.44,76.52,57.12,89.16,10.02,1.53,Null,Null,Null,0.99,45.95,54.31,-43.17,-67.55,9.84,23.48,15.81,27.07,21.67,11.02,24.49,4.83,11.56,7.43,17.13,31.01,59.61,32.68,46.44,27.51,22.27,27.27,33.99,10.8,-15.45,5.29,3.82,9.32,5.93,6.9,13.38,12.02,6.82,19.91,16.69,7.99,25.98,0.28,0.36,0.55,0.11,25.53,30.65,62.93,56.09,98.07,28.62,23.38,77.93,93.01,87.07,5.18,0,2.38,16,47.37,1.49,26.77
Nagaland,Rural,7687,7119,1052,81.9,25.88,1019.66,943.46,70.77,33.76,98.03,89.84,90.36,24.87,98.79,23.07,6.29,82.74,90.7,34.05,39.84,40.26,55.17,7.25,2.81,2,4.42,22.8,10.84,25.76,36.81,55.66,43.82,14.84,0,19.66,5.05,2.81,0.39,9.09,4.54,10.17,62.42,43.63,13.06,78.11,7.68,3.1,92.65,36.32,5175.18,0.55,34.85,38.8,33.73,9.92,48.16,3.58,30.12,6.09,53.7,68.83,84.29,62.96,68.13,70.07,18.7,4.62,62.56,41.37,94.83,1.77,4.11,54.4,6.54,29.18,1.12,24.39,59.19,43.2,70,13.39,15.38,14.05,34.71,18.24,6.84,27.74,4.94,10.77,7.49,12.97,19.75,63.35,27.48,41.44,30.26,22.11,29.76,33.88,9.47,21.61,5.22,3.74,9.23,6.9,4.74,11.94,14.68,7.92,23.56,20.32,9.3,30.11,0.27,0.23,0.28,0.32,25.65,45.61,60.52,75.78,99.82,20.67,28.86,55.41,76.33,76.62,7,0.57,1.25,12.59,48.87,0.67,22.49
Nagaland,Total,10112,9694,1456,85.21,24.65,1006.64,945.01,73.19,40.25,98.55,91.03,87.72,43,98.95,20.46,6.07,85.8,93.29,44.41,53.06,49.91,64.59,5.6,5.04,1.72,3.78,18.59,10.2,23.44,33.03,57.37,45.33,14.44,0,19.79,6.37,3.27,0.32,9.14,4.46,9.73,60.16,49.54,20.66,81.27,10.18,4.12,92.39,43.87,5777.94,0.55,41.76,45.67,35.75,10.37,55.29,5.22,23.61,8.04,57.88,71.33,85.52,65.44,71.54,73.8,20.49,6.5,66.4,45.6,93.24,4.08,3.43,54.48,9.12,31.48,1.09,30.85,57.88,43.2,69.41,12.55,18.02,14.52,32.71,19.14,7.93,26.88,4.91,11.05,7.47,14.44,23.92,62.03,29.4,42.74,29.29,22.15,28.88,33.92,9.96,19.63,5.24,3.77,9.26,6.57,5.48,12.43,13.81,7.56,22.36,19.08,8.85,28.7,0.27,0.28,0.37,0.24,25.61,40.08,61.4,68.51,99.22,23.59,26.85,63.68,82.46,80.18,6.4,0.38,1.62,13.7,48.36,0.94,23.95
NCT of Delhi,Urban,9180,10771,1659,83.8,24.3,914.01,927.31,94.21,89.1,99.87,99.47,80.97,98.97,96.79,24.98,15.98,84.92,92.24,59.52,60.74,63.72,85.14,9.83,12.1,1.6,3.15,18.34,17.01,24.22,30.53,76.5,57.63,17.98,0.21,6.6,2.73,28.43,0.33,6.06,2,16.88,70.13,76.49,77.05,93.53,68.87,48.79,94.12,85.56,2576.96,4.38,86.86,91.81,62.79,2.36,93.52,23.44,42.92,17.5,76.04,79.36,96.61,80.14,84.88,90.13,37.62,26.52,81.92,53.01,88.46,11.27,10.54,65.82,33.7,78.56,5.57,76.45,51.26,64.31,63.24,18.27,9.59,16.39,31.04,11.38,4.9,22.22,4.02,10.08,9.22,41.24,37.9,67.63,62.07,68.67,49.91,42.24,49.69,51.54,12.53,18.73,4.22,6.3,12.28,5.25,7.37,14.03,14.68,5.99,24.23,21.93,8.68,32.79,0.69,0.29,0.91,0.54,29.39,44.09,82.28,93,91.96,25.04,22.64,72.26,73.7,96.85,22.79,3.65,1.6,2.19,26.18,0.47,21.6
NCT of Delhi,Rural,306,388,41,82.64,25.6,859.05,792.3,99.74,-83.09,99.94,97.96,87.27,97.64,98.41,27.09,-9.36,89.02,-93.47,68.74,-70.1,-69.18,-87.42,11.36,Null,2.47,9.68,41.72,Null,Null,Null,71.34,59.73,18.64,0.54,10.95,3.39,23.34,1.79,8.04,1.05,18.29,-84.08,73.47,83.05,89.05,75.7,54.07,89.47,81.01,1402.17,Null,81.55,90.4,51.85,0.67,91.06,28.15,40.78,23.97,-74.74,-79.88,-100,-81.32,-87,-89.54,-27.29,-29.45,-82.16,50.68,-93.66,-6.34,11.94,Null,Null,Null,6,-81.94,49.34,Null,Null,-29.51,Null,-28.36,26.33,7.55,3.73,11.25,4.54,6.77,-2.23,44.58,-43.68,68.96,-44.22,81.65,59.65,Null,58.62,52.28,-20.24,Null,4.87,5.25,10.75,6.56,4.97,14.8,13.53,3.4,20.24,18.07,10.53,30.95,0.53,0.53,1.06,Null,-38.04,-28.11,-83.38,-87.25,-94.26,-17.18,-27.44,-84.83,-80.98,98.43,-10.34,-0.01,Null,3.42,32.07,0.26,22.87
NCT of Delhi,Total,9486,11159,1700,83.77,24.33,912.69,922.54,94.38,88.98,99.87,99.44,81.12,98.94,96.83,25.02,15.82,85.02,92.26,59.73,60.87,63.8,85.17,9.87,12,1.62,3.28,18.88,17.45,24.47,30.64,76.37,57.68,18,0.22,6.71,2.74,28.3,0.37,6.11,1.98,16.91,70.77,76.39,77.24,93.39,69.08,48.96,93.98,85.42,2547.71,4.54,86.69,91.77,62.43,2.31,93.44,23.6,42.83,17.68,75.99,79.38,96.75,80.19,84.96,90.1,37.21,26.64,81.93,52.92,88.68,11.07,10.58,64.45,32.75,78.16,5.59,76.65,51.19,64.26,62.88,18.77,9.53,16.83,30.87,11.24,4.85,21.82,4.04,10,9.11,41.32,37.99,67.66,61.79,69.17,50.15,42.18,49.91,51.56,12.64,18.91,4.24,6.28,12.24,5.28,7.31,14.05,14.65,5.93,24.13,21.83,8.73,32.75,0.68,0.29,0.91,0.54,29.53,43.87,82.3,92.92,92,24.92,22.71,72.45,73.81,96.89,22.59,3.6,1.58,2.21,26.31,0.46,21.63
Odisha,Urban,3707,4109,646,83.1,22,1010.11,949.52,95.18,80.08,99.1,97.27,72.28,76.85,99.5,29.5,8.51,83.91,90.66,47.87,46.03,39.74,64.19,14.51,7.84,1.48,6.06,26.93,24.6,31.24,31.95,76.9,47.2,24.38,0.21,2.34,10.28,8.75,0.44,6.57,1.94,19.85,71.8,79.16,81.96,94.5,64.36,37.98,99.43,91.7,5066.05,Null,91.17,97.47,70.81,0.96,94.84,34.07,68.58,22.29,92.02,93.38,98.24,92.58,98.44,97.7,39.19,90.64,98.44,82.53,91.84,6.83,10.21,61.11,31.36,55.15,2.79,68.94,67.91,68.29,-51.08,14.02,Null,14.66,24.88,14.86,3.89,21.54,5.48,12.62,10.87,40.09,32.23,70.66,59.7,56.16,61.57,59.49,61.52,61.35,24,20.35,7.11,8.92,17.39,7.5,11.1,20.34,13.28,5.41,24.53,18.3,6.89,29.26,1.02,0.18,0.13,2.85,25.11,25.33,74.39,86.9,89.85,26.31,35.43,82.82,58.82,91.65,30.63,2.09,0.63,16.63,40.51,1.39,22.74
Odisha,Rural,22760,23862,3219,69.09,25.55,1073.88,885.27,90.01,67.75,96.57,89.77,58.02,26.13,97.71,51.72,11.22,69.22,86.1,29.63,36.58,21.33,47.15,21.71,14.84,1.89,7.85,43.12,27.47,37.18,42.69,73.55,49.1,28.75,0.34,2.6,10.95,4.86,0.2,7.28,2.66,26.74,73.29,76.49,77.35,95.29,60.18,33.75,99.39,87.75,3998.17,10.28,87.57,91.3,80,2.05,91.29,19.46,71.53,14.22,90.19,90.24,97.09,91.55,94.02,95.56,46.35,87.71,93.68,87.86,99.13,0.5,9.56,66.54,37.89,56.41,3.21,64.76,68.55,73.65,69.62,21.3,22.29,21.35,31.98,18.57,6.43,30.98,3.16,22.63,16.45,19.2,19.73,61.28,54.57,65.61,64.97,62.16,64.87,66.26,29.59,32.61,6.4,6.15,13.29,7.27,8.26,16.37,12.87,5.67,21.94,16.53,5.95,24.86,0.89,0.22,0.29,0.75,20.45,24.46,71.24,86.51,90.32,25.58,45.47,87.38,47.95,79.46,30.61,3.81,0.82,27.95,54.08,4.94,30.18
Odisha,Total,26467,27971,3865,71.5,24.94,1062.5,894.44,90.75,69.8,97.01,91.06,60.47,34.74,98.01,47.94,10.83,71.92,87.06,32.98,38.56,24.9,50.72,20.49,13.29,1.82,7.55,40.45,27.04,36.31,41.08,74.14,48.77,27.98,0.32,2.56,10.83,5.54,0.24,7.16,2.53,25.45,73.07,76.89,78.06,95.17,60.82,34.4,99.4,88.35,4138.79,10.49,88.12,92.2,78.66,1.89,91.81,21.59,70.68,15.28,90.46,90.68,97.26,91.7,94.66,95.87,45.31,88.14,94.37,87.05,98.06,1.43,9.66,65.69,36.88,56.21,3.15,65.36,68.45,72.94,67.47,20.3,22.45,20.42,31.01,18.06,6.08,29.69,3.48,20.82,15.34,22.97,22.21,62.97,55.59,64.24,64.36,61.81,64.28,65.45,28.48,29.99,6.51,6.61,13.97,7.31,8.73,17.03,12.94,5.63,22.37,16.83,6.11,25.61,0.91,0.21,0.26,1.19,21.36,24.64,71.85,86.59,90.24,25.72,43.52,86.5,50.05,81.53,30.61,3.5,0.79,25.98,51.59,4.32,28.82
Puducherry,Urban,2820,2938,439,87.65,20.69,1085.98,856.8,99.03,92.24,99.95,99.91,89.81,95.75,96.21,30,24.52,92.07,93.43,68.85,77.99,66.9,85.05,8.61,10.57,1.64,3.96,29.61,3.17,4.07,4.07,65.76,61.19,51.74,0.39,2.11,0.5,5.81,0.18,10.68,3.18,23.9,61.36,87.79,90.03,92.5,82.39,61.66,98.57,91.89,2777.63,Null,95.1,99.53,72.42,0.47,99.93,38.9,36.75,39.96,85.51,90.22,97.75,91.77,92.55,97.17,55.72,10.04,89.04,80.8,96.29,3.29,2.89,Null,Null,Null,6.24,-56.94,51.56,71.39,-59.68,17.64,-27.67,20.55,21.72,12.13,4.21,15.94,2.68,7.55,11.21,47.62,43.6,55.38,50.16,65.3,52.95,35.2,52.26,61.12,19.98,35.84,7.15,10.38,21.24,6.96,13.45,23.24,12.36,4.43,24.3,20,5.96,31.05,5.03,4.05,2.04,0.11,30.23,35.24,80.82,91.35,98.43,35.35,36.81,90.86,85.54,99.14,29.8,1.31,0,1.2,13.76,0.14,26.72
Puducherry,Rural,700,731,95,78.04,19.71,1172.3,1267.53,100,92.65,99.69,99.93,73.96,84.63,86.87,30.46,-21.37,89.07,97.47,57.77,64.48,50.37,69.41,0.97,Null,1.19,4.49,14.76,Null,Null,Null,66.38,64.25,58.5,0,1.3,0.4,3.1,0.87,10.16,3.11,29.44,66.48,68.6,78.88,90.5,88.43,73.08,99.46,96.19,4296.83,Null,97.36,99.67,86.72,0,99.67,29.86,-68.9,24.15,-68.42,Null,-91.27,-69.87,-89.83,-89.32,-35.77,-0.01,-87.87,82.5,-100,-0.01,5.67,Null,Null,Null,1.49,Null,62.24,Null,Null,-41.97,Null,-31.9,15.62,12.91,2.46,13.69,6.52,11.98,10.74,43.17,42.54,51.97,63.04,60.79,61.03,Null,61.39,52.96,18.43,Null,7.44,9.4,17.81,6.96,9.32,18.33,11.66,3.01,20.19,17.1,7.35,27.99,12.64,4.51,0.39,-0.01,30.22,25.42,75.87,87.49,96.55,44.84,38.3,96.72,76.56,99.06,32.51,2.38,-0.01,5.61,17.29,0.52,30.05
Puducherry,Total,3520,3669,534,84.62,20.39,1111.77,959.16,99.29,92.37,99.87,99.92,84.93,92.34,93.35,30.14,23.61,91.14,94.55,65.41,74.24,61.94,80.71,6.48,6.51,1.49,4.13,24.94,2.27,2.92,3.9,65.95,62.14,53.83,0.27,1.86,0.47,4.97,0.4,10.52,3.16,25.73,63.02,82.39,86.89,91.94,84.09,64.88,98.82,93.1,3258.67,Null,95.74,99.57,76.55,0.33,99.85,36.3,41.96,34.79,82,89.66,96.42,87.27,91.99,95.56,51.63,7.98,88.8,81.17,97.05,2.62,3.69,Null,Null,Null,4.87,64.27,54.06,64.84,-65.64,22.65,-23.63,22.94,19.98,12.35,3.7,15.29,3.79,8.97,11.08,46.2,43.29,54.29,53.86,64.02,55.54,42.53,55.14,58.4,19.53,30.65,7.24,10.06,20.14,6.96,12.18,21.73,12.14,3.98,22.99,19.11,6.39,30.11,7.4,4.2,1.53,0.08,30.22,32.52,79.34,90.28,97.88,38.2,37.26,92.62,82.85,99.11,30.51,1.57,0,2.58,14.84,0.26,27.74
Punjab,Urban,6134,6707,1101,82.66,20.98,917.82,858.09,97.05,93.14,99.75,99.44,87.77,93.76,94.08,27.52,5.29,83.65,91.26,62.37,62.92,64.12,85.55,8.78,10.9,1.55,2.67,16.61,16.03,20.11,24.08,68.44,49.44,17.96,0.49,2.77,1.08,26.62,0.14,8.77,3.25,22.24,78.89,67.05,60.8,89.28,56.41,38.59,95.4,82.37,4352.06,0,79.23,92.04,47.04,2.95,93.66,38.8,53.35,31.44,73.19,81.73,95.68,75.79,87.53,85.94,25.29,66.66,85.33,68.08,86.28,12.07,6.01,67.53,29.74,81.89,1.34,58.45,52.25,52.62,60.67,9.76,20.21,12.19,25.73,11.72,4.33,17.87,4.44,11.88,11.17,44.28,35.18,72.96,70.36,70.97,59.28,46.15,58.97,58.55,20.18,30.24,5.77,8.57,15.53,6.67,7.97,15.87,18.32,7.47,30.77,24.44,9.29,36.52,2.4,0.35,0.57,0.53,24.04,42.44,72.49,89.32,93.27,25.57,57.95,80.89,70.96,95.38,10.21,1.38,0,0.5,12.04,0.29,19.72
Punjab,Rural,12690,15064,2195,73.81,22.65,950.35,930.99,98.11,90.03,99.64,98.48,85.93,65.58,95.32,23.64,9.23,80.04,88.93,52.21,55.71,48.75,73.04,8.68,11.7,1.68,3.39,23.19,24.91,32.39,37.52,65.44,51.05,25.62,0.43,3.21,1.7,19.65,0.07,10.52,3.93,21.33,77.86,69.29,58.44,89.92,54.82,41.64,97.63,88.33,3476.18,2.7,87.83,95.53,57.6,2.34,96.6,38.4,56.97,29.14,77.9,87.06,95.12,81.9,89.01,89.38,28.1,65.51,85.45,70.87,93.07,5.64,4.26,55.32,24.78,74.85,3.07,56.75,53.53,57.03,38.8,10.91,14.41,11.79,23.86,9.98,3.3,16.43,3.99,13.13,13.45,38.83,30.2,72.64,58.1,71.12,58.58,54.38,58.46,61.31,24.31,34.56,5.79,7.64,14.3,6.01,6.42,13.04,18.63,9.25,31.43,24.47,11.92,38.42,2.46,0.3,0.28,0.26,18.38,34.24,65.31,84.43,90.25,20.21,67.07,82.1,54.9,91.92,12.55,1.74,0.22,0.34,13.37,0.35,24.81
Punjab,Total,18824,21771,3296,77.15,22.02,937.89,904.22,97.74,91.17,99.68,98.84,86.63,76.66,94.83,25.16,7.79,81.4,89.89,56.02,58.67,54.81,78.18,8.71,11.38,1.63,3.12,20.67,21.77,28.03,32.74,66.55,50.45,22.78,0.45,3.05,1.47,22.24,0.09,9.87,3.68,21.67,78.18,68.48,59.3,89.69,55.4,40.53,96.86,86.16,3745.31,1.28,84.7,94.3,53.86,2.55,95.55,38.54,55.54,29.85,76.2,85.17,95.32,79.69,88.48,88.13,27.08,65.92,85.4,69.9,90.59,7.98,4.89,60.7,26.96,77.95,2.45,57.26,53.08,55.45,46.23,10.5,16.32,11.93,24.49,10.57,3.65,16.92,4.14,12.68,12.52,40.81,32.24,72.76,63.13,71.07,58.84,51.73,58.65,60.3,22.63,32.74,5.78,7.97,14.74,6.25,6.99,14.07,18.52,8.61,31.19,24.46,10.96,37.73,2.44,0.32,0.39,0.37,20.61,37.6,68.14,86.44,91.42,22.32,63.48,81.62,61.23,93.18,11.64,1.6,0.14,0.4,12.85,0.33,22.84
Rajasthan,Urban,6823,9133,1474,76.88,24.86,968.18,939.78,95.31,85.1,99.68,99.06,87.23,87.84,97.43,80.04,12.28,81.32,92.52,51.24,62.16,56.12,81.69,15.06,16.14,1.67,1.83,17.48,13.34,22.17,32.33,74.21,63.23,35.49,0.21,1.94,3.35,21.29,0.37,6.94,2.92,23.38,61.58,80.49,60.64,94.89,39.58,16.72,98.17,86.96,2383.95,-0.01,89.1,97.51,70.49,0.8,97.98,19.71,32.96,15.32,83.23,88.25,97.42,86,91.55,93.5,27.82,65.47,90.13,64.45,95.3,4.17,5.39,65.67,27.94,82.15,2.58,68.79,37.12,70.57,51.59,9,13.49,9.65,28.25,18.3,7.98,25.44,3.9,14.01,10.97,20.58,19.07,62.1,42.52,68.27,50.21,41.36,49.93,56.61,19.23,28.95,3.74,3.09,7.87,4.96,3.63,9.57,10.31,3.33,16.86,13.23,3.85,19.22,0.64,0.31,0.37,1.24,32.12,40.73,80.63,93.58,90.6,17,26.47,81.66,65.52,92.17,22.36,1.83,0,5.92,33.25,0.31,9.29
Rajasthan,Rural,24994,33857,4879,59.42,29.38,1021.85,879.32,90.48,74.86,97.66,95.63,66.05,26.19,93.16,90.39,7.98,61.63,90.06,27.8,48.35,30.76,59.38,28.28,33.21,2.11,4.16,34.24,21.9,32.24,38.8,71.72,61.75,44.49,0.26,1.28,3.03,11.37,0.68,7.8,3.97,24.36,60.88,75.12,53.87,93,32.3,13.72,98.13,84.8,2034.02,1.4,86.28,94.24,78.62,1.56,94.96,8.1,24.39,5.46,79.69,84.48,95.07,84.22,88.75,90.54,26.49,60.65,87.71,64.5,98.74,0.88,6.27,64.04,27.06,79.21,3.01,71.74,41.57,70.34,34.48,8.28,5.74,7.97,32.64,16.4,7.46,28.14,3.1,21.32,15.01,10.45,13.56,58.07,42.31,72.35,56.08,47.54,55.74,60.07,24.59,35.7,3.89,2.69,7.03,5.03,3.24,8.73,9.68,3.22,14.88,12.56,3.57,17.42,0.33,0.12,0.13,0.69,25.09,34.34,73.1,89.59,86.79,17.52,26.61,79,45.3,81.89,24.89,2.2,1.18,7.2,44.93,0.34,11.62
Rajasthan,Total,31817,42990,6353,63.5,28.31,1008.94,891,91.44,77.11,98.14,96.45,71.07,41.38,94.21,87.84,8.9,66.37,90.7,33.44,51.93,36.88,65.17,25.4,28.17,2.01,3.68,30.79,20.2,30.25,37.55,72.31,62.1,42.36,0.25,1.44,3.11,13.71,0.6,7.6,3.72,24.13,61,76.27,55.32,93.4,33.86,14.36,98.14,85.26,2101.51,1.25,86.88,94.88,77.02,1.41,95.56,10.39,26.94,7.24,80.41,85.25,95.55,84.58,89.33,91.15,26.77,61.63,88.2,64.49,98.03,1.56,6.09,64.32,27.21,79.72,2.93,71.1,40.68,70.38,37.95,8.42,7.51,8.31,31.78,16.77,7.56,27.61,3.26,19.55,13.97,12.9,14.97,59.04,42.36,71.48,54.67,46.31,54.35,59.38,23.21,34.04,3.86,2.78,7.23,5.01,3.34,8.94,9.83,3.25,15.35,12.73,3.64,17.88,0.41,0.17,0.19,0.83,26.78,36,74.91,90.63,87.68,17.39,26.58,79.64,50.18,84.06,24.3,2.11,0.91,6.89,41.97,0.33,11.03
Sikkim,Urban,600,520,70,90.26,19.24,1032.76,-1520.1,95.44,-64.62,99.52,97.55,83.97,97.54,97.93,31.22,Null,92.77,96.85,60.2,70.72,89.99,-94.18,8.51,Null,0.71,0.88,19.21,Null,Null,Null,55.51,43.56,14.31,0.43,4.62,9.66,10.68,3.87,18.18,8.35,17.23,-63.18,58.46,51.42,92.22,48.36,29.56,96.09,58.87,-9014.67,Null,56.2,91.96,66.55,3.95,93.5,43.1,Null,40.39,Null,Null,Null,Null,Null,Null,Null,Null,Null,-92.64,Null,Null,9.32,Null,Null,Null,0.77,Null,Null,Null,Null,Null,Null,Null,15.05,13.17,6.41,9.04,3.48,6.05,5.81,40.97,40.11,71.86,36.64,54.76,42.17,Null,42.36,-53.02,15.01,Null,7.62,4.9,14.63,6.94,8.1,16.19,16.68,10.67,32.32,24.48,11.13,38.57,0.73,0.04,1.4,-7.1,34.12,23.4,80.14,80.01,-80.45,38.07,56.89,75.97,96.93,87.14,-13.13,-0.38,-3.24,7.89,38.01,12.73,37.57
Sikkim,Rural,2916,2751,399,79.47,19.68,963.63,745.5,97.15,79.68,99.14,89.86,89.33,64.38,98.48,21.64,41.57,86.24,90.34,41.24,44.24,68.08,69.48,12.54,11.67,1.32,4.29,24.04,7.84,17.84,17.84,77.32,61.78,14.56,2.48,7.08,23.35,8.4,3.2,8.18,2.86,20.69,59.74,66.52,62.26,91.82,58.15,32.53,93.83,74.96,8027.68,Null,71.73,96.32,85.57,1.89,98.18,26.88,44.04,25.88,83.22,88.67,95.27,89.9,88.04,91.87,34.18,0,86.78,84.96,100,0,3.33,Null,Null,Null,0.69,57.44,33.05,29.67,-58.21,29.03,Null,31.94,25.59,13.85,6.72,14.86,12.17,5.59,4.39,30.75,33.91,78.02,69.28,57.05,42.01,34.02,41.86,43.71,20.96,-23.08,5.5,4.53,10.91,7.74,6.42,15.48,19.53,12.43,35.8,25.19,15.2,43.06,0.46,0.16,0.39,2.34,17.2,15.22,67.11,86.21,93.94,29.25,50.57,76.7,83.25,85.68,11.71,2.41,3.13,14.14,43.34,18.4,41.09
Sikkim,Total,3516,3271,469,83.73,19.51,989.73,968.73,96.52,75.52,99.29,92.82,87.26,78.4,98.25,25.69,41.22,88.92,92.98,49.01,54.98,76.71,78.22,10.75,5.06,1.05,3.12,22.14,4.99,11.18,11.18,69.13,54.94,14.47,1.71,6.15,18.21,9.26,3.45,11.93,4.92,18.94,60.77,63.66,58.41,91.96,54.68,31.48,94.62,69.25,8334,Null,66.22,94.73,78.63,2.64,96.47,32.79,55.42,30.36,80.57,87.64,96.6,89.04,91.42,90.48,29,0,89.05,87.47,100,0,5.54,-64.18,-50.01,-56.63,0.72,59.5,33.01,28.25,-57.36,22.97,-34.98,24.73,22.33,13.65,6.63,13.13,9.62,5.77,4.94,34.71,36.32,75.62,56.69,56.43,42.07,40.73,42.05,46.68,18.72,17.55,6.24,4.66,12.2,7.48,6.96,15.7,18.49,11.79,34.53,24.95,13.86,41.58,0.57,0.11,0.79,4.02,23.86,18.54,72.24,83.7,89.73,32.72,53.06,76.41,88.64,86.26,12.14,1.85,3.16,11.67,41.31,16.16,39.75
Tamil Nadu,Urban,11806,10879,1459,86.82,20.03,1061.63,892.57,98.33,94.88,99.62,99.06,82.83,92.91,94.97,61.12,31.4,90.6,94.24,63.72,64.35,55.84,76.05,10.36,6.01,1.61,4.16,23.38,8.47,14.85,17.28,67.56,64.02,55.58,0.06,4.84,0.39,2.55,0.11,8.13,3.28,27.42,82.96,76.71,88.8,89.45,84.2,66.4,98.07,92.46,3647.47,Null,95.08,99.79,57.99,0.17,99.96,47.46,61.51,37.5,86.4,89.35,96.9,89.91,93.01,94.67,40.9,65.8,90.38,68.31,83.14,16.86,3.58,50.99,26.93,61.95,1.39,68.02,60.03,45.54,70.17,14.94,23.47,17.85,22.24,13.86,5.25,19.95,5.05,9.65,11.31,46.08,43.14,58.29,55.55,53.67,51.5,42.6,51.25,50.55,14.96,24.33,8.23,13.21,23.76,8.73,12.69,23.67,14.76,6.53,26.41,20.08,7.61,31.47,9.95,5.92,1.33,0.33,24.55,31.1,80.68,89.65,91.76,35.4,43.15,92.68,81.2,98.64,32.91,3.32,0,2.32,16.7,0.22,21.52
Tamil Nadu,Rural,16123,14771,1913,74.51,21.92,1112.74,867.18,98.25,91.56,99.09,98.14,63.27,73.65,89.28,71.41,19.91,81.5,92.55,49.92,54.3,39.2,64.88,15.18,3.28,1.89,8.15,43.62,16.08,21.69,26.39,69.45,66.78,59.88,0.05,4.72,0.27,1.16,0.3,6.87,2.76,29.48,82.29,78,90.83,89.86,81.02,60.25,99.43,93.73,3097.21,Null,94.8,99.43,74.01,0.27,99.68,42.93,66.7,35.11,91.71,91.29,98.24,92.92,96.3,96.81,48.04,67,94.09,68.03,95.6,4.2,3.82,55.89,30.36,58.89,0.89,66.96,60.35,61.91,64.03,11.15,24.63,15.01,27.18,15.18,5.64,23.52,3.68,15.19,12.75,35.41,31.6,53.82,56.77,60.37,55.38,53.12,55.32,54.9,15.45,24.89,6.87,9.37,18.01,7.59,11.18,20.61,13.83,5.93,23.4,19.02,7.14,28.97,9.62,5.31,1.11,1.04,22.76,22.44,75.56,90.42,93.65,45.51,52.04,91.72,68.93,98.01,42.2,3.36,0,7.31,23.31,0.4,29.16
Tamil Nadu,Total,27929,25650,3372,80.35,21.02,1087.97,878.41,98.29,93,99.34,98.58,72.62,82.87,92,66.48,25.23,85.89,93.36,56.57,59.11,46.92,70.23,12.83,4.45,1.76,6.29,34.12,12.69,18.64,22.31,68.56,65.48,57.84,0.06,4.78,0.33,1.82,0.21,7.47,3.01,28.46,82.58,77.41,89.91,89.67,82.47,63.05,98.81,93.15,3315.93,Null,94.93,99.59,66.9,0.23,99.81,44.94,63.75,36.03,89.2,90.39,97.61,91.5,94.75,95.8,44.67,66.43,92.34,68.15,89.75,10.14,3.71,53.79,28.88,60.2,1.11,67.4,60.2,55.05,66.54,12.79,24.05,16.29,25.04,14.61,5.47,21.96,4.27,12.57,12.07,40.44,37.02,55.92,56.2,57.43,53.56,48.25,53.41,52.94,15.22,24.62,7.49,11.14,20.65,8.13,11.89,22.06,14.26,6.21,24.79,19.52,7.37,30.15,9.78,5.61,1.22,0.7,23.59,26.58,77.94,90.05,92.8,40.82,47.92,92.17,74.62,98.31,38.05,3.34,0,4.93,20.06,0.32,25.4
Telangana,Urban,7160,7509,1058,75.88,23.37,1014.53,873.33,92.9,79.02,99.84,99.36,81.84,98.22,97.78,52.87,16.68,80.96,90.18,60.88,70.97,43.91,72.33,16.68,9.08,1.75,3.12,33.9,13.79,21.99,24.72,68.98,66.94,61.28,1.44,0.95,1.18,1.26,0.06,7.12,3.06,17.2,52.41,89.83,71.11,89.49,63.15,37.04,94.77,87.96,3593.82,Null,91.54,97.71,43.43,0.69,94.59,64.34,82.7,44.79,74.65,85.69,90.37,77.04,84.25,86.74,29.67,3.86,80,68.65,88.8,8.5,5.46,61.78,39.31,71.09,1.9,76.83,38.83,59.07,53.13,8.28,8.92,8.4,28.13,19.95,9.15,25.81,4.16,13.48,15.24,41.7,40.19,47.53,47.62,64.74,55.35,50.4,55.21,63.58,13.18,25.83,6.16,9.31,18.35,7.33,11.36,21.38,14.31,6.25,29.08,20.54,9.1,36.75,2.28,0.27,3.16,1.89,36.87,32.98,74.67,78,88.87,28.17,53.9,82.99,75.22,95.17,27.31,2.1,3.09,2.63,15.2,2.58,33.94
Telangana,Rural,20191,20009,2805,52.35,22.01,1069.7,907.08,88.04,71.31,99.44,98.35,72.88,88.25,94.76,65.03,14.31,58.1,81.25,36.33,54.58,15.78,46.65,27.38,21.07,1.74,7.37,55.57,18.8,29.3,32.37,67.6,66.5,62.22,2.25,0.18,0.51,0.54,0.11,6.05,2.64,16.85,47.24,87.64,69.97,89.66,54.64,32.74,97.79,87.33,3965.84,14.62,88.94,96.57,53.64,1.74,92.91,58.37,80.58,44.33,81.48,88.29,95.27,84.04,91.85,92.69,40.07,6.07,89.88,74.89,96.88,2.36,8.62,54.07,38.19,72.17,2.43,73.67,36.02,73.41,50.14,8.32,22.13,9.67,35.73,22.6,8.15,34.96,3.02,21.62,16.77,23.83,28.11,42.27,45.33,72.82,59.05,54.38,58.9,65.17,16.48,24.71,5.66,5.97,13.02,6.68,8.44,16.63,13.21,6.31,24.67,17.51,7.6,28.94,3.86,0.38,2.11,2.98,26.88,28.85,65.42,73.48,86.16,55.54,74.46,85.21,50.6,90.25,42.33,5.12,6.03,7.23,26.51,9.03,48.97
Telangana,Total,27351,27518,3863,60.94,22.52,1048.73,893.72,89.97,73.53,99.59,98.73,76.24,91.76,95.82,60.75,15.3,66.64,84.83,45.5,61.16,26.49,57.36,23.46,16.27,1.75,5.78,47.52,16.84,26.44,29.39,68.1,66.66,61.88,1.96,0.46,0.75,0.8,0.09,6.43,2.79,16.99,49.23,88.49,70.41,89.59,57.94,34.4,96.7,87.57,3845.54,15.64,89.95,97.01,49.66,1.33,93.56,60.7,81.53,44.49,79.06,87.38,93.53,81.56,89.15,90.58,36.39,5.29,86.37,72.44,94.08,4.49,7.38,56.3,38.51,71.86,2.22,74.75,37.1,68.22,51.29,8.31,15.34,9.2,33.12,21.7,8.49,31.82,3.41,18.77,16.23,30.09,32.33,44.11,46.13,70.02,57.77,53.17,57.62,64.65,15.33,25.09,5.82,7.04,14.74,6.88,9.34,18.11,13.57,6.29,26.09,18.46,8.07,31.39,3.28,0.34,2.49,2.56,30.68,30.51,68.94,75.29,87.16,45.11,66.62,84.36,59.98,92.07,36.91,4.02,4.97,5.57,22.26,6.71,43.33
Tripura,Urban,1382,1347,179,89.14,19.58,955.98,1024.05,95.64,85.96,99.42,98.17,78.52,75.39,99.56,24.85,29.78,89.94,93.53,36.57,39.73,36.62,46.98,33.71,Null,1.39,14.38,57.76,-13.94,-23.2,-24.38,76.9,53.38,14.18,0.03,0.04,33.04,5,0.17,4.67,1.1,9.7,40.44,71.78,64.22,97.7,28.74,8.2,96.08,83.56,6223.49,Null,82.98,94.84,78.24,1.58,96.77,47.51,-95.74,40.4,82.41,-88.2,97.93,85.25,90.1,91.45,28.02,66,88.1,78.6,96.78,3.22,3.93,Null,Null,Null,0.75,-67.78,38.29,Null,Null,13.45,Null,14.66,27.1,17.09,5.24,16.39,9.33,14.6,13.23,29.16,28.27,67.66,46.32,57.31,66.17,-62.08,66.05,61.72,41.72,Null,8.99,10.77,21.08,8.78,10.8,21.19,13.32,6.45,26.41,15.4,6.17,27.32,1.17,0.82,0.78,0,19.67,40.59,62.76,89.41,94.94,15.79,16.81,74.9,66.2,83.38,14.02,0.09,3.54,46.1,51.56,0.84,26.87
Tripura,Rural,5827,5967,811,78.87,25.38,1033.11,1028.8,93.24,77.07,97.7,83.95,71.6,32.58,99.42,36.48,22.11,76.88,86.03,17.89,25.06,17.66,45.15,42.4,23.92,1.81,24.32,101.91,25.5,41.81,48.99,68.88,47.44,9.05,0.03,0.57,32.63,2.64,0.32,9.55,3.05,10.34,42.48,60.53,49.12,93.97,25.99,9.06,91.97,68.29,6774.34,2.7,69.57,87.51,78.87,1.11,86.96,18.58,54.7,17.57,65.52,73.47,93.65,69.72,84.6,84.72,19.93,57.6,80.73,68.01,97.44,0.82,6.86,63.33,15.17,61.17,1.46,63.5,35.9,64.75,45.57,13.26,Null,13.14,33.87,18.55,7.96,28.34,7.8,16.87,12.09,18.44,21.39,60.41,40.2,66.46,67.83,61.3,67.59,69.81,34.89,24.67,8.68,6.82,16.29,9.59,8.06,18.5,10.07,4.43,18.56,12.51,4.76,20.58,0.43,0.15,0.45,0.25,13.73,25.58,58.28,83.59,89.47,25.93,17.28,77.67,48.03,63.79,23.36,2.92,8.44,52.16,59.28,8.41,35.85
Tripura,Total,7209,7314,990,81.76,23.72,1010.51,1027.72,93.79,79.49,98.19,87.99,73.57,45.34,99.46,33.01,24.21,80.61,88.23,23.23,29.37,22.93,45.71,40.06,20.44,1.7,21.92,91.2,22.87,37.56,43.28,71.16,49.13,10.51,0.03,0.42,32.75,3.32,0.28,8.16,2.49,10.2,41.89,63.22,52.73,94.86,26.65,8.86,92.98,71.94,6639.87,3.6,72.78,89.15,78.73,1.22,89.16,25.06,69.34,22.65,69.53,77.14,94.66,73.41,85.91,86.32,21.85,59.59,82.48,70.44,97.28,1.39,6.2,67.18,16.65,63.09,1.3,64.21,36.44,62.13,53.08,13.3,-16.27,13.49,32.3,18.21,7.33,25.6,8.16,16.22,12.43,21.54,23.43,62.49,42.01,64.25,67.36,61.5,67.15,67.88,36.87,27.15,8.77,7.98,17.7,9.34,8.91,19.33,11.03,5.03,20.87,13.41,5.2,22.67,0.66,0.35,0.55,0.17,15.38,29.97,59.52,85.29,90.93,23.11,17.15,76.9,53.08,68.79,20.65,2.06,7.02,50.38,56.92,6.19,33.11
Uttar Pradesh,Urban,14053,18051,2431,76.17,26.71,961.3,932.62,84.36,61.81,97.56,99.42,80.89,88.3,96.98,16.82,11.94,78.6,87.95,51.87,56.79,50.21,72.41,9.55,17.13,1.88,1.46,14.29,27.66,41.97,49.71,67.62,48.58,13.48,0.11,1.97,3.97,27.13,0.87,9.21,3.5,23.82,71.69,70.81,52.29,93.66,29.8,14.11,95.05,79.15,3251.93,2.22,77.92,85.47,43.14,5.15,88.41,24.23,42.57,14.39,67.24,76.56,91.97,71.43,78.39,80.99,28.88,53.49,76.45,73.13,89.73,6.65,5.17,47.46,29.72,73.34,2.7,67.19,24.93,54.77,35.85,6.68,7.4,6.83,33.03,18.69,8.15,28.17,3.59,13.62,13.44,30.59,24.87,61.71,56.16,65.26,50.5,37.09,50.07,53.41,18,22.48,4.95,5.56,11.32,6.09,6.11,13.16,13.17,5.48,20.89,17.33,5.97,24.82,1.1,0.4,0.62,1.03,18.25,25.47,71.42,80.74,90.05,17.67,46.83,79.84,59.93,86.72,32.68,3.1,0.56,6.45,34.71,0.25,13.19
Uttar Pradesh,Rural,56657,75073,9612,64.6,32.36,1035.86,943.31,78.18,43.19,88.92,99.08,64.8,36.22,90.63,15.54,8.63,65.55,86.25,35.04,45.58,24.48,54.17,17.85,25.43,2.5,3.28,23.98,37.8,52.55,62.49,60.78,43.17,17.97,0.05,1.33,4.5,16.59,1.24,14,5.17,25.58,70.39,60.17,39.62,91.64,20.21,8.47,95.84,70.03,2116.53,2.41,68.06,82.87,61.49,4.55,83.82,10.95,37.75,4.67,70.24,78.8,93.57,75.09,81.45,83.91,30.53,47.94,78.82,74.11,95.55,1.01,5.67,51.46,28.15,69.06,3.76,62.1,23.68,60.86,29.86,5.72,6.8,5.88,41.34,16.98,7.1,33.11,2.94,20.75,19.53,18.34,16.22,55.19,50.62,66.74,50.65,47.92,50.53,52.78,22.69,29.91,4.66,4.23,9.57,5.74,4.63,11.05,10.99,4.74,17.57,14.49,4.98,20.68,1.7,0.35,0.57,1.18,11.49,20.83,62.47,77.3,86.78,14.83,53.53,74.06,42.37,68.44,35.46,3.81,0.74,9.07,47.56,0.3,15.05
Uttar Pradesh,Total,70710,93124,12043,67.41,30.98,1017.05,941.09,79.46,47.33,91.04,99.16,68.75,49.52,92.25,15.87,9.32,68.83,86.71,39.27,48.62,30.58,59.12,15.84,23.03,2.35,2.89,21.88,35.71,50.36,59.84,62.43,44.48,16.88,0.06,1.49,4.37,19.13,1.15,12.85,4.77,25.13,70.64,62.48,42.37,92.08,22.29,9.69,95.67,72.01,2299.56,2.37,70.2,83.4,57.72,4.67,84.76,13.67,39.38,6.17,69.62,78.36,93.24,74.34,80.82,83.31,30.19,49.07,78.34,73.91,94.38,2.15,5.56,50.69,28.45,69.88,3.54,62.97,23.94,59.66,31.01,5.91,6.95,6.08,39.71,17.32,7.31,32.14,3.07,19,17.93,21.34,18.5,56.78,52.08,66.42,50.62,45.93,50.42,52.91,21.46,28.21,4.72,4.54,9.97,5.83,4.99,11.56,11.5,4.91,18.35,15.18,5.22,21.7,1.54,0.37,0.58,1.14,13.09,22.09,64.59,78.24,87.55,15.5,51.94,75.43,46.53,72.59,34.82,3.65,0.7,8.41,44.1,0.29,14.55
Uttarakhand,Urban,2358,2586,316,82.4,24.74,943.46,1094.13,92.18,81.43,99.65,99.62,81.04,92.86,95.36,61.61,35.8,85.27,92.4,59.38,62.19,58.42,82.12,9.98,20.95,1.84,2.1,17.33,36.2,38.29,46.17,73.48,59.46,17.79,0.22,1.98,2.58,35.41,0.6,6.49,2.25,20.29,61.95,74.56,71,95.2,52.05,28.73,97.53,84.03,3124.11,7.65,84.1,89.37,52.27,1.25,86.56,28.59,46.95,21.36,82.01,85.95,92.46,85.25,91.79,91.06,41.01,38.52,88.56,58.67,93.72,5.27,5.12,-62.6,-40.76,-91.16,3.02,70.26,42.78,44.97,-58.91,13.42,13.09,13.34,24.31,17.39,4.68,21.02,4.42,11.57,20.66,39.09,31.43,62.78,60.36,63.79,45.61,51.9,45.8,41.03,14.16,-31.21,4.42,7.6,14.01,5.41,9.69,16.33,14.26,6.09,25.35,21.2,10.22,34.77,0.87,0.15,0,0,33.58,42.07,80.4,91.35,91.75,20.15,23.31,81.28,73.12,94.5,12.51,2.44,0,2.75,27.62,0.3,21.72
Uttarakhand,Rural,9811,10694,1270,72.03,27.05,1051.57,936.66,91.76,68.41,99.56,94.18,77.67,42.9,92.17,62.91,32.17,79.78,93.16,45.98,58.7,39.35,71.16,9.76,13.84,1.86,2.6,20.52,30.6,39.47,45.32,69.49,57.06,29.8,0.88,1.29,2.68,21.03,0.3,9.94,3.63,20.07,60.28,65.96,57.33,92.83,43.84,23.22,96.91,74.99,3446.56,1.68,76.36,80.39,53.8,4.42,82.39,16.65,40.94,10.71,80.18,89.85,96.54,83.35,88.71,90.33,33.35,29.4,85.66,51.41,96.02,1.99,4.07,52,23.77,72.81,1.94,71.37,40.62,56.42,47.01,13.07,8.61,12.17,28.24,11.31,4.72,20.92,3.91,14.91,14.12,25.41,25.03,62.98,53.9,56.62,40.98,44.3,41.1,40.89,15.58,26.33,4.09,4.83,9.56,5.73,6.63,13.34,13.42,6.33,21.95,19.59,9.2,30.48,0.18,0.17,0.48,0.53,20.62,33.31,70.98,91.55,90.64,22.22,25.13,79.75,55.65,89.68,16.23,1.98,0.38,5.43,36.77,0.35,27.49
Uttarakhand,Total,12169,13280,1586,75.21,26.31,1015.68,984.15,91.89,72.34,99.59,95.92,78.75,59.17,93.2,62.49,33.21,81.57,92.92,50.36,59.79,45.12,74.59,9.83,16.65,1.85,2.45,19.49,32.38,39.1,45.55,70.77,57.83,25.96,0.67,1.51,2.65,25.63,0.4,8.84,3.19,20.15,60.72,68.8,61.83,93.61,46.55,25.04,97.12,77.97,3343.15,3.05,78.91,83.24,53.31,3.42,83.71,20.43,43.3,14.02,80.77,88.55,95.23,83.96,89.7,90.56,35.82,32.34,86.6,53.74,95.28,3.04,4.4,55.92,30.06,79.6,2.28,71.04,41.33,52.53,50.55,13.17,10.26,12.54,27.04,13.18,4.71,20.95,4.07,13.86,16.21,29.73,27.07,62.91,55.96,58.8,42.42,46.37,42.56,40.93,15.14,27.64,4.19,5.63,10.84,5.64,7.55,14.25,13.67,6.26,22.94,20.09,9.52,31.8,0.41,0.17,0.32,0.36,24.54,36.05,73.83,91.49,90.98,21.59,24.58,80.21,60.93,91.22,15.12,2.11,0.27,4.59,33.66,0.33,25.53
West Bengal,Urban,5442,6358,942,84.12,20.19,1016.19,920.57,98.09,87.96,99.28,98.62,74.96,80.31,97.13,25.87,20.75,83.37,89.76,47.59,51.4,48.12,64.55,26.22,8.44,1.39,8.5,51.33,16.07,20.95,22.98,77.5,60.95,26.83,0.08,1.97,20.13,10.07,0.77,5.23,1.99,16.43,54.02,74.86,81.16,95.98,64.44,33.64,96.7,74.1,2674.65,1.63,79.1,92.26,62.8,2.67,95.23,43.52,80.16,31.7,83.63,88.05,97.46,85.34,93.07,92.44,35.83,3.03,90.33,66.03,90.17,8.66,5.87,76.91,36.01,78.06,2.05,77.26,60.69,51.15,75.63,25.41,-19.54,24.89,32.14,20.23,7.86,28.74,6.04,9.46,11.51,27.85,20.02,80.08,60.52,62.97,65.19,60.3,65.06,64.66,30.94,27.64,9.68,8.61,19.44,11.19,10.64,23.11,12.34,4.9,21.53,14.47,4.23,22.26,0.13,0.22,0.23,0.42,30.82,21.32,73.31,81.8,96.07,20.24,24.66,82.9,71.93,91.17,22.91,2.29,6.73,7.99,44.66,0.78,18.88
West Bengal,Rural,12745,15050,2079,73.25,25.1,1065.35,992.79,98.28,74.64,96.64,96.89,64.72,20.48,93.17,31.03,19.91,72.54,77.83,25.88,26.87,13.98,38.31,48.13,25.31,1.73,19.56,93.43,15.33,22.36,26.22,73,60.64,30.5,0.11,2.32,20.44,5.6,0.68,7.84,3.38,18.07,53.39,71.8,73.8,94.15,61.75,29.73,99.07,65.69,2686.16,10.43,75.89,91.56,75.82,2.57,93.71,28.64,84.41,20.25,89.33,91.8,98.96,92.74,95.63,95.1,47.47,1.35,92.64,69.27,98.54,0.29,6.68,74.75,35.94,74.34,3.11,69.52,58.98,54.04,65.49,23.45,16.02,22.87,34.38,20.36,6.89,33.48,3.6,17.4,16.79,20.26,14.45,72.1,55.73,71.28,74.8,62.99,74.41,73.23,42.42,42.83,8.53,7.22,16.53,10.56,8.99,20.4,11.14,5.52,19.94,12.32,4.24,19.02,0.23,0.12,0.12,0.76,12.3,12.83,53.81,68.42,85.81,20.17,22.46,73.24,39.07,79.65,28.69,3.96,10.91,12.25,49.93,1.28,17.66
West Bengal,Total,18187,21408,3021,76.79,23.5,1049.11,973.07,98.23,78.63,97.49,97.45,68.03,40.22,94.48,29.33,20.13,76.06,81.62,32.94,34.65,25.46,46.71,41.64,19.96,1.64,16.43,81.35,15.53,21.98,25.35,74.37,60.74,29.38,0.1,2.21,20.34,6.96,0.71,7.04,2.96,17.52,53.56,72.62,75.78,94.64,62.47,30.78,98.44,67.95,2683.47,8.76,76.75,91.74,72.37,2.59,94.11,32.59,82.69,22.89,87.81,90.83,98.56,90.77,94.95,94.39,44.37,1.8,92.02,68.39,96.32,2.51,6.46,75.27,35.96,75.24,2.83,71.33,59.43,53.31,67.78,23.95,17.03,23.39,33.78,20.33,7.14,32.21,4.25,14.81,15.14,22.73,16.19,74.69,57.22,68.99,71.68,62.26,71.39,70.8,38.85,38.71,8.91,7.68,17.49,10.77,9.54,21.31,11.54,5.31,20.46,13.05,4.23,20.12,0.2,0.16,0.16,0.65,18.52,15.53,60.37,72.69,88.93,20.19,23.2,76.49,50.12,82.99,26.97,3.48,9.67,10.84,48.14,1.11,18.08
